Count,Source,Destination
1931,Gold Coast,Bahia
1256,Luanda,Rio de Janeiro
864,Africa,Havana
809,Africa,Barbados
756,Luanda,Pernambuco
735,Luanda,Bahia
689,Africa,Jamaica
505,Benguela,Rio de Janeiro
389,Cabinda,Rio de Janeiro
382,Africa,Cuba
298,Africa,Kingston
245,Africa,Americas
237,Bonny,Kingston
224,West Central Africa and St. Helena,Cap Francais
221,Africa,Saint John (Antigua)
194,Africa,St. Kitts
191,Benguela,Bahia
185,Gold Coast,Kingston
179,Whydah,Bahia
173,Mozambique,Rio de Janeiro
168,Africa,Santiago de Cuba
162,Malembo,Bahia
157,Africa,Bahia
156,Gold Coast,Barbados
149,West Central Africa and St. Helena,Kingston
146,Gold Coast,Jamaica
145,Anomabu,Kingston
144,Bissau,Maranhao
141,Africa,Martinique
137,West Central Africa and St. Helena,Cartagena
132,Whydah,Cap Francais
132,Gambia,Charleston
131,Africa,Charleston
127,Luanda,Veracruz
125,Cabinda,Bahia
123,Quilimane,Rio de Janeiro
123,Portuguese Guinea,Cartagena
121,Africa,Cartagena
120,Gold Coast,Pernambuco
115,Anomabu,Jamaica
114,Luanda,Cartagena
114,Bonny,Jamaica
113,Gold Coast,Suriname
111,Malembo,Cap Francais
110,Sao Tome,Bahia
109,Whydah,Martinique
106,West Central Africa and St. Helena,New Spain
103,Calabar,Kingston
103,Africa,Spanish Americas
101,West Central Africa and St. Helena,Jamaica
98,Cacheu,Maranhao
97,Bonny,Barbados
96,Whydah,Jamaica
96,Ambriz,Rio de Janeiro
95,"Lagos, Onim",Bahia
94,Gambia,Barbados
92,Whydah,Barbados
91,Congo North,Suriname
90,Calabar,Barbados
88,Cape Coast Castle,Barbados
88,Africa,Suriname
87,Cape Verde Islands,Cartagena
84,Africa,St. Thomas
79,Elmina,Suriname
77,Africa,Cap Francais
76,Bonny,Dominica
74,Africa,Rio de Janeiro
72,West Central Africa and St. Helena,Barbados
72,Anomabu,Barbados
72,Africa,Grenada
69,Elmina,Pernambuco
68,West Central Africa and St. Helena,Port-au-Prince
68,Cabinda,Cap Francais
68,Bonny,St. Kitts
68,Africa,Trinidad de Cuba
68,Africa,Buenos Aires
66,Gold Coast,Charleston
66,Calabar,Jamaica
65,West Central Africa and St. Helena,Martinique
65,Ardra,Curacao
65,Africa,"Rio de Janeiro, Sao Paulo, Santa Catarina"
62,Sao Tome,Havana
61,Gold Coast,Cap Francais
61,Africa,West Indies (colony unspecified)
59,Cape Coast Castle,Kingston
57,Princes Island,Bahia
57,"Lagos, Onim",Freetown
57,Bonny,Freetown
57,Africa,Matanzas
56,Windward Coast,Barbados
56,Cape Verde Islands,"Spanish Circum-Caribbean,unspecified"
55,West Central Africa and St. Helena,Charleston
55,Sierra Leone estuary,Barbados
55,Luanda,Buenos Aires
55,Calabar,Dominica
55,Bissau,Para
54,Cape Verde Islands,New Spain
54,Bonny,Montego Bay
54,Africa,Newcastle (Nevis)
53,West Central Africa and St. Helena,Leogane
53,Sierra Leone estuary,Charleston
53,Porto Novo,Bahia
53,Luanda,Maranhao
53,Africa,Virginia
52,Whydah,Kingston
52,Cape Lahou,Suriname
50,Loango,Cap Francais
50,Cape Verde Islands,Veracruz
50,Africa,Saint-Domingue
49,Gambia,Jamaica
49,Cape Coast Castle,Jamaica
49,Africa,Dominica
48,Calabar,St. Kitts
46,Sao Tome or Princes Island,Bahia
46,Calabar,Bahia
45,Africa,York River
45,Africa,Montserrat
44,Windward Coast,Kingston
44,Congo River,Rio de Janeiro
44,Calabar,York River
43,Whydah,Leogane
43,Congo River,Charleston
43,Bonny,Grenada
43,Africa,Basse-Terre
42,Gold Coast,Demerara
42,Calabar,Grenada
42,Bight of Biafra and Gulf of Guinea Islands,Kingston
42,Africa,New York
41,Saint-Louis,Cap Francais
41,Gold Coast,Suriname
40,West Central Africa and St. Helena,Rio de Janeiro
40,West Central Africa and St. Helena,Buenos Aires
40,Luanda,Para
39,Mozambique,Montevideo
39,Gold Coast,Port-au-Prince
39,Bonny,Martinique
39,Africa,"Spanish Circum-Caribbean,unspecified"
38,New Calabar,Dominica
38,Africa,"Cuba, south coast"
37,West Central Africa and St. Helena,Veracruz
37,Mozambique,Cap Francais
37,Malembo,Suriname
37,Congo North,Curacao
37,Bonny,Saint John (Antigua)
36,Benguela,Rio de Janeiro province
36,Africa,St. Croix
35,Bight of Biafra and Gulf of Guinea Islands,Barbados
35,Africa,Maryland
34,Senegambia and offshore Atlantic,Cartagena
34,New Calabar,Jamaica
34,New Calabar,Barbados
34,Mozambique,Bahia
34,Congo River,Kingston
34,Cacheu,Para
34,Bonny,Havana
34,Benguela,Pernambuco
33,Windward Coast,Saint John (Antigua)
33,Rio Pongo,Charleston
33,Malembo,Rio de Janeiro
33,Gold Coast,Grenada
33,Calabar,Freetown
32,Windward Coast,Charleston
32,West Central Africa and St. Helena,Cayes (Les)
32,Bonny,St. Vincent
32,Ardra,Barbados
32,Africa,Puerto Rico
32,Africa,Curacao
31,Windward Coast,Jamaica
31,West Central Africa and St. Helena,St. Kitts
31,West Central Africa and St. Helena,Grenada
31,Elmina,Bahia
31,Badagry/Apa,Bahia
30,Whydah,Freetown
30,Sierra Leone estuary,Grenada
30,Senegambia and offshore Atlantic,New Spain
30,Malembo,Pernambuco
30,Luanda,New Spain
30,Iles de Los,Charleston
30,Cabinda,Pernambuco
30,Anomabu,Grenada
30,Africa,St. Vincent
29,Whydah,Suriname
29,Gambia,Saint John (Antigua)
29,Calabar,Saint John (Antigua)
29,Anomabu,Cap Francais
29,Africa,Demerara
28,Gold Coast,Saint John (Antigua)
28,Gambia,Kingston
27,New Calabar,Kingston
27,Madagascar,Barbados
27,Goree,Cap Francais
27,Gambia,Dominica
27,Gallinhas,Havana
27,Elmina,Curacao
27,Cape Coast Castle,Demerara
27,Africa,Trinidad
26,Whydah,Pernambuco
26,West Central Africa and St. Helena,St. Thomas
26,West Central Africa and St. Helena,Spanish Americas
26,West Central Africa and St. Helena,Saint John (Antigua)
26,Sierra Leone estuary,Kingston
26,Sierra Leone estuary,Jamaica
26,Porto Novo,Port-au-Prince
26,Benin,Kingston
26,Africa,Savannah
26,Africa,Pernambuco
25,Gold Coast,"Danish West Indies, colony unspecified"
25,Gambia,Grenada
25,Gallinhas,Freetown
25,Christiansborg,"Danish West Indies, colony unspecified"
25,Cape Coast Castle,Saint John (Antigua)
25,Africa,Bahia Honda
24,Whydah,Port-au-Prince
24,West Central Africa and St. Helena,Havana
24,Sao Tome,Cartagena
24,Mozambique,Pernambuco
24,Loango,Curacao
24,Gambia,St. Kitts
24,Bassa,Grenada
24,Ambriz,Bahia
23,Windward Coast,Grenada
23,Windward Coast,Dominica
23,Saint-Louis,Charleston
23,Loango,Leogane
23,Gambia,Virginia
23,Epe,Bahia
23,Calabar,Cayes (Les)
23,Africa,Maranhao
23,Africa,Cayenne
23,Africa,Cabanas
22,Whydah,Curacao
22,West Central Africa and St. Helena,Demerara
22,West Central Africa and St. Helena,Basse-Terre
22,West Central Africa and St. Helena,Bahia
22,Mozambique,Cape of Good Hope
22,Loango,Martinique
22,Gold Coast,Americas
22,Gold Coast,Rio de Janeiro
22,Congo North,St. Eustatius
22,Cape Verde Islands,Maranhao
22,Bonny,Charleston
22,Africa,New Spain
21,Whydah,Saint-Marc
21,Sao Tome,Pernambuco
21,Gold Coast,Havana
21,Calabar,Charleston
21,Cabinda,Martinique
21,Cabinda,Jamaica
21,Cabinda,Campos
21,Benguela,Macae
21,Anomabu,Saint John (Antigua)
21,Africa,Port-au-Prince
20,Senegambia and offshore Atlantic,Cap Francais
20,Porto Novo,Cap Francais
20,New Calabar,Grenada
20,Malembo,Port-au-Prince
20,Luanda,"Rio de Janeiro, Sao Paulo, Santa Catarina"
20,Luanda,Campos
20,Christiansborg,St. Croix
20,Cape Coast Castle,St. Kitts
20,Cameroons,Grenada
20,Bight of Benin,Freetown
20,Anomabu,Charleston
20,Africa,Rappahannock
20,Africa,"British Caribbean, colony unspecified"
19,Windward Coast,St. Kitts
19,Rio Pongo,Freetown
19,Mozambique,Havana
19,Malembo,Kingston
19,Cameroons,Dominica
19,Calabar,Pernambuco
19,Calabar,Basse-Terre
19,Cabinda,Buenos Aires
19,Bight of Biafra and Gulf of Guinea Islands,Jamaica
19,Bight of Benin,Bahia
19,Africa,Sagua
18,West Central Africa and St. Helena,St. Eustatius
18,Luanda,Ponta Negro
18,Iles de Los,Cap Francais
18,Gold Coast,Martinique
18,Gold Coast,Curacao
18,Gallinhas,Cuba
18,Congo River,Bahia
18,Cape Verde Islands,San Domingo (a) Santo Domingo
18,Cape Coast Castle,St. Vincent
18,Calabar,Suriname
18,Calabar,Martinique
18,Ardra,Pernambuco
18,Africa,Isla de Pinas
18,Africa,"French Caribbean, colony unspecified"
18,Africa,"Danish West Indies, colony unspecified"
18,Africa,Cardenas
17,Quilimane,Campos
17,Luanda,Ilha Grande
17,Jacquin,Bahia
17,Iles de Los,Grenada
17,Gold Coast,St. Vincent
17,Gambia,Savannah
17,Cape Coast Castle,Havana
17,Calabar,St. Vincent
17,Calabar,Cap Francais
17,Cabinda,Charleston
17,Bonny,Basse-Terre
17,Anomabu,Americas
17,Africa,Upper James River
17,Africa,Saint-Marc
17,Africa,Leogane
17,Africa,Freetown
16,Whydah,Basse-Terre
16,West Central Africa and St. Helena,St. Croix
16,West Central Africa and St. Helena,Saint-Marc
16,Senegambia and offshore Atlantic,"Spanish Circum-Caribbean,unspecified"
16,Sao Tome,Cuba
16,Saint-Louis,Barbados
16,Malembo,Curacao
16,Luanda,La Guaira
16,Luanda,Havana
16,Loango,Havana
16,Loango,Cayes (Les)
16,Inhambane,Rio de Janeiro
16,Danish Gold Coast,"Danish West Indies, colony unspecified"
16,Congo River,Cuba
16,Cape Mount (Cape Grand Mount),Kingston
16,Cape Mount (Cape Grand Mount),Dominica
16,Cape Mount (Cape Grand Mount),Charleston
16,Cameroons,Barbados
16,Ardra,Suriname
15,West Central Africa and St. Helena,Dominica
15,Saint-Louis,Grenada
15,Mozambique,Cuba
15,Madagascar,Rio de Janeiro
15,Luanda,"Hispaniola, unspecified"
15,Luanda,"Americas, region unspecified"
15,Congo River,Havana
15,Congo North,Charleston
15,Cacheu,Bahia
15,Cabinda,Cayes (Les)
15,Bight of Biafra and Gulf of Guinea Islands,Grenada
15,Benin,Jamaica
15,Anomabu,St. Kitts
15,Africa,Puerto Padre
15,Africa,Mariel
15,Africa,Bahamas
14,Gold Coast,Barbados
14,Windward Coast,Basse-Terre
14,Whydah,Saint John (Antigua)
14,West Central Africa and St. Helena,Suriname
14,West Central Africa and St. Helena,"Spanish Circum-Caribbean,unspecified"
14,Sierra Leone,Freetown
14,Sao Tome or Princes Island,Pernambuco
14,New Calabar,Suriname
14,New Calabar,Montego Bay
14,Little Popo,Cap Francais
14,"Lagos, Onim",Cuba
14,Jacquin,Pernambuco
14,Goree,Charleston
14,Gold Coast,St. Kitts
14,Gambia,Rappahannock
14,Epe,Cap Francais
14,Bonny,York River
14,Bonny,Cuba
14,Bight of Benin,Cap Francais
14,Anomabu,Martinique
14,Ambriz,Kingston
14,Africa,Boston
13,Windward Coast (Nunez - Assini),Dominica
13,Windward Coast (Nunez - Assini),Demerara
13,West Central Africa and St. Helena,Saint-Domingue
13,West Central Africa and St. Helena,"Rio de Janeiro, Sao Paulo, Santa Catarina"
13,Sierra Leone estuary,St. Vincent
13,Sierra Leone estuary,St. Kitts
13,Senegambia and offshore Atlantic,Port-au-Prince
13,Senegambia and offshore Atlantic,Havana
13,Sao Tome,Rio de Janeiro
13,Saint-Louis,Port-au-Prince
13,Saint-Louis,Martinique
13,Saint-Louis,Basse-Terre
13,Quilimane,Sao Sebastiao
13,New Calabar,St. Vincent
13,New Calabar,St. Kitts
13,Malembo,Cayes (Les)
13,Lourenco Marques,Rio de Janeiro
13,Loango,Charleston
13,Goree,Martinique
13,Gold Coast,Saint-Marc
13,Gambia,Americas
13,Congo River,Demerara
13,Congo North,Essequibo
13,Congo North,Americas
13,Cabinda,Suriname
13,Cabinda,Havana
13,Bight of Benin,Martinique
13,Benguela,Campos
13,Badagry/Apa,Cap Francais
13,Ardra,Jamaica
13,Ambriz,St. Helena
13,Africa,St. Eustatius
13,Africa,San Domingo (a) Santo Domingo
13,Africa,Rio de Janeiro province
12,Windward Coast,Suriname
12,Windward Coast (Nunez - Assini),Barbados
12,West Central Africa and St. Helena,Americas
12,Sierra Leone estuary,Saint John (Antigua)
12,Sierra Leone estuary,Demerara
12,Sao Tome,Veracruz
12,Saint-Louis,Dominica
12,Saint-Louis,Cayenne
12,Loango,Suriname
12,Jacquin,Martinique
12,Iles de Los,Savannah
12,Gabon,Cap Francais
12,Epe,Martinique
12,Elmina,Berbice
12,Cape Verde Islands,Puerto Rico
12,Cape Coast Castle,Grenada
12,Cape Coast Castle,Charleston
12,Cape Coast Castle,Americas
12,Cameroons River,Freetown
12,Calabar,Port-au-Prince
12,Calabar,"British Caribbean, colony unspecified"
12,Bonny,Americas
12,Badagry/Apa,Freetown
12,Africa,Veracruz
12,Africa,Port Royal
12,Africa,Florida
11,Windward Coast,Martinique
11,Whydah,Saint-Domingue
11,Whydah,Rio de Janeiro
11,Whydah,Cuba
11,Whydah,Cayes (Les)
11,Whydah,Cayenne
11,West Central Africa and St. Helena,York River
11,Sierra Leone estuary,Cap Francais
11,Sherbro,Freetown
11,Saint-Louis,St. Kitts
11,Saint-Louis,Saint John (Antigua)
11,Rio Pongo,Havana
11,New Calabar,Newcastle (Nevis)
11,Mozambique,Buenos Aires
11,Malembo,Barbados
11,Luanda,Sao Sebastiao
11,Luanda,Macae
11,Loango,Saint-Marc
11,Loango,Jamaica
11,Gold Coast,Newcastle (Nevis)
11,Gambia,Montserrat
11,Cape Mount (Cape Grand Mount),Jamaica
11,Cape Mount (Cape Grand Mount),Barbados
11,Cape Coast Castle,Martinique
11,Calabar,Newcastle (Nevis)
11,Cabinda,Ilha Grande
11,Bonny,Tortola
11,Bonny,St. Thomas
11,Bight of Benin,Port-au-Prince
11,Bassa,Kingston
11,Badagry/Apa,Saint-Marc
11,Ardra,Cartagena
11,Ambriz,Campos
11,Africa,Tortola
10,Windward Coast,St. Vincent
10,Windward Coast (Nunez - Assini),Saint John (Antigua)
10,West Central Africa and St. Helena,Montevideo
10,Saint-Louis,Jamaica
10,Quilimane,Bahia
10,Princes Island,Cuba
10,Porto Novo,Saint-Marc
10,Malembo,Leogane
10,Luanda,Rio de Janeiro province
10,Loango,Barbados
10,Little Popo,Martinique
10,"Lagos, Onim",Havana
10,Iles de Los,Jamaica
10,Gold Coast,York River
10,Gold Coast,Cayes (Les)
10,Gold Coast + Bight of Benin + Bight of Biafra,Pernambuco
10,Gambia,Martinique
10,Congo River,St. Helena
10,Cape Mount (Cape Grand Mount),Grenada
10,Cape Lahou,Bahia
10,Cameroons,St. Kitts
10,Calabar,Virginia
10,Calabar,Trinidad
10,Cacheu,Cartagena
10,Cabinda,Port-au-Prince
10,Cabinda,Kingston
10,Bonny,Trinidad
10,Bonny,Port-au-Prince
10,Bonny,Demerara
10,Bight of Biafra and Gulf of Guinea Islands,Dominica
10,Benguela,Maranhao
10,Bassa,Saint John (Antigua)
10,Anomabu,St. Vincent
10,Anomabu,Montego Bay
10,Africa,Zion Hill
10,Africa,Montevideo
9,Windward Coast (Nunez - Assini),Kingston
9,Whydah,Newcastle (Nevis)
9,West Central Africa and St. Helena,Margarita
9,West Central Africa and St. Helena,Curacao
9,West Central Africa and St. Helena,Cayenne
9,Southeast Africa and Indian Ocean islands,Havana
9,Sierra Leone estuary,Port-au-Prince
9,Sierra Leone estuary,Havana
9,Sierra Leone estuary,Americas
9,Sherbro,Barbados
9,Sao Tome,"Hispaniola, unspecified"
9,Rio Pongo,Demerara
9,Quilimane,Rio de Janeiro province
9,Popo,Freetown
9,Luanda,Taipu
9,Loango,Buenos Aires
9,Iles de Los,St. Kitts
9,Iles de Los,Dominica
9,Gold Coast,Port Royal
9,Gold Coast,Martinique
9,Gold Coast east of Kormantine,Pernambuco
9,Gambia,York River
9,Gambia,Maryland
9,Gambia,"British Caribbean, colony unspecified"
9,Elmina,Demerara
9,Gold Coast,"Americas, region unspecified"
9,Cape Mount (Cape Grand Mount),Demerara
9,Cape Coast Castle,Rhode Island
9,Calabar,Montego Bay
9,Cabinda,Rio de Janeiro province
9,Cabinda,Freetown
9,Cabinda,Cabo Frio
9,Bonny,Santiago de Cuba
9,Bight of Biafra and Gulf of Guinea Islands,St. Kitts
9,Bight of Biafra and Gulf of Guinea Islands,Freetown
9,Bassa,Barbados
9,Anomabu,Leogane
9,Ambriz,Havana
9,Africa,Montego Bay
9,Africa,Macae
8,Gold Coast,St. Eustatius
8,Gold Coast,Essequibo
8,Windward Coast,"British Caribbean, colony unspecified"
8,West Central Africa and St. Helena,Trinidad
8,Sierra Leone estuary,Dominica
8,Saint-Louis,Leogane
8,Quilimane,Pernambuco
8,Princes Island,Havana
8,Popo,Kingston
8,New Calabar,Havana
8,Malembo,Martinique
8,Malembo,Jamaica
8,Madagascar,New York
8,"Lagos, Onim",Kingston
8,"Lagos, Onim",Demerara
8,Kormantine,Suriname
8,Jacquin,Suriname
8,Iles de Los,Port-au-Prince
8,Goree,Saint-Domingue
8,Goree,Port-au-Prince
8,Gold Coast,Cap Francais
8,Gold Coast,"British Caribbean, colony unspecified"
8,Gambia,Upper James River
8,Gambia,Demerara
8,Gambia,Cap Francais
8,Gabon,Pernambuco
8,Gabon,Barbados
8,Gold Coast,Paraiba
8,Congo River,Suriname
8,Cape Mount (Cape Grand Mount),Saint John (Antigua)
8,Cape Lahou,Americas
8,Calabar,Rio de Janeiro
8,Calabar,Americas
8,Cabinda,Leogane
8,Bonny,Upper James River
8,Bissau,Pernambuco
8,Bight of Biafra and Gulf of Guinea Islands,St. Vincent
8,Bight of Benin,Curacao
8,Benin,Martinique
8,Benin,Barbados
8,Benguela,St. Helena
8,Benguela,Sao Sebastiao
8,Bassa,St. Kitts
8,Bance Island (Ben's Island),St. Kitts
8,Bance Island (Ben's Island),Kingston
8,Badagry/Apa,Port-au-Prince
8,Badagry/Apa,Martinique
8,Anomabu,Demerara
8,Africa,St. Lucia
8,Africa,Rhode Island
8,Africa,Philadelphia
8,Africa,"Hispaniola, unspecified"
8,Africa,Cayes (Les)
8,Africa,Berbice
7,Zanzibar,Havana
7,Gold Coast,Americas
7,Windward Coast,Savannah
7,Windward Coast (Nunez - Assini),St. Vincent
7,Whydah,Portobelo
7,Whydah,Cartagena
7,West Central Africa and St. Helena,Savannah
7,West Central Africa and St. Helena,Caracas
7,Sierra Leone estuary,Suriname
7,Sierra Leone estuary,Savannah
7,Sierra Leone estuary,Montego Bay
7,Sierra Leone estuary,Martinique
7,Sierra Leone estuary,Cayes (Les)
7,Sierra Leone estuary,"British Caribbean, colony unspecified"
7,Senegambia and offshore Atlantic,Martinique
7,Senegambia and offshore Atlantic,Leogane
7,Senegambia and offshore Atlantic,Basse-Terre
7,Saint-Louis,Cayes (Les)
7,Saint-Louis,Americas
7,River Brass,Freetown
7,Rio Zaire,Bahia
7,Quilimane,"Rio de Janeiro, Sao Paulo, Santa Catarina"
7,Princes Island,Pernambuco
7,Popo,Jamaica
7,New Calabar,Freetown
7,Mozambique,Port-au-Prince
7,Mozambique,"Americas, region unspecified"
7,Luanda,St. Helena
7,Luanda,Catuamo and Maria Farinha
7,Loango,Port-au-Prince
7,Loango,Montevideo
7,Loango,Kingston
7,Loango,Basse-Terre
7,"Lagos, Onim",Port-au-Prince
7,Kormantine,Barbados
7,Iles de Los,Cayes (Les)
7,Gold Coast,Montego Bay
7,Gold Coast,Leogane
7,Gold Coast,Basse-Terre
7,Gambia,Newcastle (Nevis)
7,Gabon,Basse-Terre
7,Elmina,Rio de Janeiro
7,Congo River,Sao Sebastiao
7,Congo River,Cardenas
7,Cap Lopez,Bahia
7,Cape Mount (Cape Grand Mount),St. Kitts
7,Cape Mount (Cape Grand Mount),Montego Bay
7,Cameroons,Kingston
7,Calabar,Upper James River
7,Calabar,Santiago de Cuba
7,Calabar,Havana
7,Cacheu,Lisbon
7,Bonny,Suriname
7,Bonny,Pernambuco
7,Bonny,Cap Francais
7,Bonny,"British Caribbean, colony unspecified"
7,Bight of Biafra and Gulf of Guinea Islands,York River
7,Bight of Biafra and Gulf of Guinea Islands,Saint John (Antigua)
7,Bight of Biafra and Gulf of Guinea Islands,Montego Bay
7,Bight of Biafra and Gulf of Guinea Islands,Martinique
7,Bight of Biafra and Gulf of Guinea Islands,Charleston
7,Bight of Benin,Saint-Marc
7,Bight of Benin,Kingston
7,Bight of Benin,Havana
7,Benin,Grenada
7,Benin,Cap Francais
7,Benguela,Para
7,Bassa,Dominica
7,Bance Island (Ben's Island),Charleston
7,Badagry/Apa,Suriname
7,Badagry/Apa,Leogane
7,Anomabu,Suriname
7,Anomabu,Havana
7,Anomabu,Dominica
7,Ambriz,Cap Francais
7,Africa,"Cuba, west coast"
7,Africa,Caribbean (colony unspecified)
7,Africa,Campos
7,Africa,Annapolis
7,Accra,Cap Francais
6,Gold Coast,Curacao
6,Gold Coast,Berbice
6,Windward Coast,Freetown
6,Windward Coast (Nunez - Assini),St. Kitts
6,Windward Coast (Nunez - Assini),Grenada
6,Whydah,Petit-Goave
6,Whydah,Havana
6,Whydah,Buenos Aires
6,Whydah,Americas
6,West Central Africa and St. Helena,Upper James River
6,West Central Africa and St. Helena,Tortola
6,West Central Africa and St. Helena,St. Vincent
6,West Central Africa and St. Helena,Pernambuco
6,West Central Africa and St. Helena,Campos
6,West Central Africa and St. Helena,Bahamas
6,West Central Africa and St. Helena,"Americas, region unspecified"
6,Southeast Africa and Indian Ocean islands,Montevideo
6,Sierra Leone,Rio de la Hacha
6,Sierra Leone estuary,Basse-Terre
6,Senegambia and offshore Atlantic,Cayenne
6,Saint-Louis,St. Vincent
6,Saint-Louis,Montevideo
6,Saint-Louis,"French Caribbean, colony unspecified"
6,Rio Pongo,Cuba
6,Rio Nun,Freetown
6,Portuguese Guinea,Veracruz
6,Porto Novo,Leogane
6,New Calabar,Virginia
6,New Calabar,Trinidad
6,New Calabar,Saint John (Antigua)
6,Mozambique,Cayes (Les)
6,Malembo,St. Kitts
6,Malembo,Saint-Domingue
6,Malembo,Charleston
6,Malembo,Americas
6,Madagascar,Buenos Aires
6,Luanda,Santos
6,Kormantine,Pernambuco
6,Kilwa,Cap Francais
6,Jacquin,Cap Francais
6,Jacquin,Barbados
6,Iles de Los,Suriname
6,Iles de Los,St. Vincent
6,Iles de Los,Havana
6,Goree,Savannah
6,Gold Coast,Trinidad
6,Gold Coast,New York
6,Gold Coast,Freetown
6,Gold Coast,Essequibo
6,Gold Coast,Bahia
6,Gambia,Lisbon
6,Gallinhas,Jamaica
6,Gabon,Suriname
6,Gabon,St. Kitts
6,Gabon,Bahia
6,Epe,Leogane
6,Elmina,Americas
6,Congo River,Sagua
6,Congo River,Grenada
6,Cap Lopez,Havana
6,Cape Verde Islands,Spanish Americas
6,Cape Verde Islands,Margarita
6,Cape Mount (Cape Grand Mount),Freetown
6,Cape Lahou,Essequibo
6,Cape Coast Castle,Basse-Terre
6,Cameroons River,Rio de Janeiro
6,Cameroons,Martinique
6,Cameroons,Jamaica
6,Calabar,St. Croix
6,Calabar,Saint-Marc
6,Calabar,Maryland
6,Cabinda,Barbados
6,Bonny,Puerto Rico
6,Boary,Suriname
6,Boary,Curacao
6,Bights,Barbados
6,Bight of Biafra and Gulf of Guinea Islands,Pernambuco
6,Bight of Biafra and Gulf of Guinea Islands,Cayes (Les)
6,Bight of Benin,Suriname
6,Bight of Benin,St. Vincent
6,Bight of Benin,Barbados
6,Ardra,Martinique
6,Anomabu,Savannah
6,Anomabu,Saint-Marc
6,Ambriz,Pernambuco
6,Ambriz,Macae
6,Africa,"Spanish Caribbean, unspecified"
6,Africa,Savanna la Mar
6,Africa,Patuxent
6,Africa,Margarita
6,Africa,La Guaira
6,Africa,Ilha Grande
6,Africa,Essequibo
6,Africa,Caracas
6,Africa,"Americas, region unspecified"
6,Accra,Demerara
5,Gold Coast,Jamaica
5,Windward Coast,Havana
5,Windward Coast,Demerara
5,Windward Coast (Nunez - Assini),Charleston
5,West Central Africa and St. Helena,Sao Sebastiao
5,West Central Africa and St. Helena,Newcastle (Nevis)
5,West Central Africa and St. Helena,Jacmel
5,Sierra Leone estuary,Newcastle (Nevis)
5,Senegambia and offshore Atlantic,Spanish Americas
5,Senegambia and offshore Atlantic,Saint John (Antigua)
5,Saint-Louis,Saint-Domingue
5,Saint-Louis,Cartagena
5,Portuguese Guinea,Puerto Rico
5,Portuguese Guinea,La Guaira
5,Portuguese Guinea,"Hispaniola, unspecified"
5,Porto Novo,Kingston
5,Porto Novo,Freetown
5,New Calabar,Zion Hill
5,New Calabar,Martinique
5,Mpinda,Pernambuco
5,Mozambique,Maranhao
5,Madagascar,York River
5,Madagascar,Jamaica
5,Luanda,Spanish Americas
5,Luanda,Copacabana
5,Loango,Pernambuco
5,Loango,Bahia
5,Iles de Los,Kingston
5,Goree,Montevideo
5,Goree,Leogane
5,Goree,Cayes (Les)
5,Goree,Cayenne
5,Gold Coast,Zion Hill
5,Gold Coast,West Indies (colony unspecified)
5,Gold Coast,Saint-Domingue
5,Gold Coast,Montserrat
5,Gold Coast,"French Caribbean, colony unspecified"
5,Gold Coast,Dominica
5,Gold Coast,Berbice
5,Gold Coast,Basse-Terre
5,Gambia,St. Vincent
5,Gambia,St. Croix
5,Gambia,South Carolina
5,Gambia,Port-au-Prince
5,Gallinhas,Americas
5,Gabon,Port-au-Prince
5,Gabon,Jamaica
5,Elmina,St. Eustatius
5,Congo River,New Orleans
5,Congo North,St. Helena
5,Congo North,Freetown
5,Christiansborg,St. Thomas
5,Cape Verde Islands,Venezuela
5,Cape Verde Islands,Cuba
5,Cape Verde Islands,Bahia
5,Cape Mount (Cape Grand Mount),Suriname
5,Cape Mount (Cape Grand Mount),St. Vincent
5,Cape Coast Castle,Zion Hill
5,Cape Coast Castle,West Indies (colony unspecified)
5,Cape Coast Castle,Newcastle (Nevis)
5,Cape Coast Castle,Montego Bay
5,Cape Coast Castle,Cap Francais
5,Calabar,West Indies (colony unspecified)
5,Bonny,Zion Hill
5,Bonny,St. Lucia
5,Bonny,Montevideo
5,Bonny,Cayenne
5,Bonny,Bahamas
5,Bight of Biafra and Gulf of Guinea Islands,Upper James River
5,Bight of Biafra and Gulf of Guinea Islands,Tortola
5,Bight of Biafra and Gulf of Guinea Islands,Havana
5,Bight of Biafra and Gulf of Guinea Islands,Cap Francais
5,Bight of Biafra and Gulf of Guinea Islands,"British Caribbean, colony unspecified"
5,Bight of Benin,Jamaica
5,Bight of Benin,Grenada
5,Benin,Bahia
5,Bassa,Jamaica
5,Banana Islands,Barbados
5,Axim,Suriname
5,Ardra,Americas
5,Apammin,Martinique
5,Anomabu,"French Caribbean, colony unspecified"
5,Anomabu,Cayes (Les)
5,Ambriz,Rio de Janeiro province
5,Ambriz,Grenada
5,Ambriz,Dominica
5,Ambriz,Cuba
5,Africa,Santos
5,Africa,Rio Sao Jeso
5,Africa,Rio de la Plata
5,Africa,Para
5,Africa,Guanimar
5,Africa,Batabano
5,Africa,Banes
5,Accra,Kingston
4,Gold Coast,Martinique
4,Gold Coast,Cap Francais
4,Windward Coast,West Indies (colony unspecified)
4,Windward Coast,Tortola
4,Whydah,St. Thomas
4,Whydah,Demerara
4,Whydah,Charleston
4,West Central Africa and St. Helena,St. Helena
4,West Central Africa and St. Helena,Puerto Rico
4,West Central Africa and St. Helena,Port-de-Paix
4,West Central Africa and St. Helena,"Hispaniola, unspecified"
4,Sierra Leone,Havana
4,Sierra Leone estuary,Saint-Marc
4,Sherbro,Saint John (Antigua)
4,Senegambia and offshore Atlantic,Veracruz
4,Senegambia and offshore Atlantic,Saint-Marc
4,Senegambia and offshore Atlantic,Maranhao
4,Senegambia and offshore Atlantic,Charleston
4,Sao Tome,Santiago de Cuba
4,Saint-Louis,Virginia
4,Saint-Louis,Patuxent
4,Saint-Louis,Oxford
4,Saint-Louis,Mississippi
4,Saint-Louis,"British Caribbean, colony unspecified"
4,Quilimane,Santos
4,Quilimane,Ilha Grande
4,Popo,Martinique
4,Popo,Cuba
4,Popo,Bahia
4,Nova Redonda,St. Helena
4,New Calabar,Charleston
4,Mozambique,Cardenas
4,Mozambique,Campos
4,Malembo,Upper James River
4,Malembo,St. Eustatius
4,Malembo,Basse-Terre
4,Luanda,West Indies (colony unspecified)
4,Luanda,Cuba
4,Luanda,Colonia de Sacramento
4,Loango,Saint-Domingue
4,Little Popo,Leogane
4,"Lagos, Onim",Grenada
4,Iles de Los,Montego Bay
4,Iles de Los,Barbados
4,Grand Mesurado,Martinique
4,Goree,New Orleans
4,Goree,La Balise
4,Goree,Curacao
4,Gold Coast,St. Croix
4,Gold Coast,Rhode Island
4,Gold Coast,Zion Hill
4,Gambia,Zion Hill
4,Gambia,West Indies (colony unspecified)
4,Gambia,New York
4,Gambia,Lower James River
4,Gambia,Havana
4,Gambia,Cayenne
4,Gambia,Basse-Terre
4,Gallinhas,Basse-Terre
4,Gabon,Trinidad
4,Gabon,Martinique
4,Gabon,Grenada
4,Gabon,Freetown
4,Gabon,Dominica
4,Gabon,Americas
4,Epe,Rio de Janeiro
4,Epe,Port-au-Prince
4,Elmina,Paraiba
4,Elmina,Cayes (Les)
4,Congo River,Trinidad
4,Congo River,Rio de Janeiro province
4,Congo River,Montevideo
4,Congo River,Liberia
4,Congo River,Bahamas
4,Congo North,Demerara
4,Congo North,Berbice
4,Cape Verde Islands,Rio de Janeiro
4,Cape Verde Islands,Para
4,Cape Mount (Cape Grand Mount),Savannah
4,Cape Mount (Cape Grand Mount),Martinique
4,Cape Mount (Cape Grand Mount),Cayes (Les)
4,Cape Lahou,St. Eustatius
4,Cape Lahou,Demerara
4,Cape Lahou,Berbice
4,Cape Coast Castle,Lucea (a) St. Lucea
4,Cape Coast Castle,"British Caribbean, colony unspecified"
4,Cameroons,Trinidad
4,Cameroons,Saint John (Antigua)
4,Cameroons,Havana
4,Cameroons,Freetown
4,Calabar,St. Thomas
4,Calabar,St. Eustatius
4,Calabar,Rappahannock
4,Calabar,Puerto Rico
4,Calabar,Demerara
4,Calabar,Cayenne
4,Cacheu,Pernambuco
4,Cabinda,St. Helena
4,Cabinda,Cuba
4,Cabinda,Cabo de Buzios
4,Cabinda,Americas
4,Bonny,West Indies (colony unspecified)
4,Bonny,Virginia
4,Bonny,Trinidad de Cuba
4,Bissau,Cap Francais
4,Bights,Bahia
4,Bight of Biafra and Gulf of Guinea Islands,Trinidad
4,Bight of Biafra and Gulf of Guinea Islands,Suriname
4,Bight of Biafra and Gulf of Guinea Islands,Cayenne
4,Bight of Biafra and Gulf of Guinea Islands,Bahia
4,Bight of Biafra and Gulf of Guinea Islands,Americas
4,Bight of Benin,Pernambuco
4,Benin,Maranhao
4,Benin,"British Caribbean, colony unspecified"
4,Benguela,Montevideo
4,Benguela,Cape of Good Hope
4,Bassa,St. Vincent
4,Bance Island (Ben's Island),Zion Hill
4,Bance Island (Ben's Island),Barbados
4,Banana Islands,Martinique
4,Badagry/Apa,Rio de Janeiro
4,Ardra,Portobelo
4,Ardra,"Hispaniola, unspecified"
4,Anomabu,St. Croix
4,Anomabu,Freetown
4,Anomabu,"British Caribbean, colony unspecified"
4,Anomabu,Basse-Terre
4,Ambriz,Sao Sebastiao
4,Ambriz,Freetown
4,Africa,"USA, location unspecified"
4,Africa,South Potomac
4,Africa,Sao Sebastiao
4,Africa,Portobelo
4,Africa,Petit-Goave
4,Africa,New Orleans
4,Africa,"Dutch Guianas, colony unspecified"
4,Accra,Leogane
3,Windward Coast,York River
3,Windward Coast,Virginia
3,Windward Coast,Upper James River
3,Windward Coast,Rappahannock
3,Windward Coast,Boston
3,Windward Coast (Nunez - Assini),Trinidad
3,Windward Coast (Nunez - Assini),Tortola
3,Windward Coast (Nunez - Assini),St. Thomas
3,Whydah,St. Vincent
3,Whydah,St. Kitts
3,Whydah,Port Royal
3,Whydah,Grenada
3,Whydah,"Cuba, west coast"
3,Whydah,Cabanas
3,Whydah,"British Caribbean, colony unspecified"
3,Whydah,Biloxi
3,West Central Africa and St. Helena,West Indies (colony unspecified)
3,West Central Africa and St. Helena,St. Maarten
3,West Central Africa and St. Helena,St. Lucia
3,West Central Africa and St. Helena,San Domingo (a) Santo Domingo
3,West Central Africa and St. Helena,Cuba
3,West Central Africa and St. Helena,"British Caribbean, colony unspecified"
3,Southeast Africa and Indian Ocean islands,Cap Francais
3,Sierra Leone,"Hispaniola, unspecified"
3,Sierra Leone,Americas
3,Sierra Leone estuary,Tortola
3,Sierra Leone estuary,St. Croix
3,Sierra Leone estuary,Saint-Domingue
3,Sierra Leone estuary,New York
3,Sierra Leone estuary,Maryland
3,Sierra Leone estuary,"French Caribbean, colony unspecified"
3,Sherbro,St. Kitts
3,Sherbro,Kingston
3,Senegambia and offshore Atlantic,San Domingo (a) Santo Domingo
3,Senegambia and offshore Atlantic,Puerto Rico
3,Senegambia and offshore Atlantic,Louisiana
3,Senegambia and offshore Atlantic,Freetown
3,Senegambia and offshore Atlantic,Curacao
3,Senegambia and offshore Atlantic,Cayes (Les)
3,Senegambia and offshore Atlantic,Buenos Aires
3,Senegambia and offshore Atlantic,Americas
3,Sao Tome,San Domingo (a) Santo Domingo
3,Sao Tome,Maranhao
3,Sao Tome,Americas
3,Saint-Louis,West Indies (colony unspecified)
3,Saint-Louis,Savannah
3,Saint-Louis,Santiago de Cuba
3,Saint-Louis,Saint-Marc
3,Saint-Louis,Pensacola
3,Saint-Louis,Havana
3,River del Rey,Barbados
3,River Brass,Havana
3,Rio Nunez,Martinique
3,Quilimane,Cape of Good Hope
3,Quilimane,Cabo Frio
3,Quilimane,Baia de Sepetiba
3,Princes Island,Rio de Janeiro
3,Princes Island,Cartagena
3,Portuguese Guinea,Maranhao
3,Porto Novo,Jamaica
3,Porto Novo,Cayes (Les)
3,Popo,St. Vincent
3,Popo,Barbados
3,New Calabar,Demerara
3,New Calabar,Curacao
3,Mpinda,Suriname
3,Mozambique,Sao Sebastiao
3,Mozambique,Saint-Marc
3,Mozambique,Ilha Grande
3,Momboza or Zanzibar,Pernambuco
3,Mano,Barbados
3,Malembo,Grenada
3,Malembo,Essequibo
3,Malembo,Berbice
3,Luanda,"Spanish Caribbean, unspecified"
3,Luanda,Paranagua
3,Luanda,Mangaratiba
3,Luanda,Baia de Sepetiba
3,Loango,York River
3,Loango,St. Eustatius
3,Loango,Rio de Janeiro
3,Loango,Port-de-Paix
3,Little Popo,Saint-Domingue
3,"Lagos, Onim",Rio de Janeiro
3,"Lagos, Onim",Cap Francais
3,Kilwa,Montevideo
3,Keta,Martinique
3,Keta,Freetown
3,Jacquin,Saint John (Antigua)
3,Jacquin,Kingston
3,Iles de Los,Saint John (Antigua)
3,Iles de Los,Basse-Terre
3,Grand Sestos,Freetown
3,Grand Bassa,Freetown
3,Gold Coast,Virginia
3,Gold Coast,Upper James River
3,Gold Coast,Savannah
3,Gold Coast,Pernambuco
3,Gold Coast,Paramaribo
3,Gold Coast,Montevideo
3,Gold Coast,"Dutch Guianas, colony unspecified"
3,Gold Coast,Black River
3,Gold Coast,Saint-Domingue
3,Gold Coast,Cartagena
3,Gambia,South Potomac
3,Gambia,North Potomac
3,Gambia,"French Caribbean, colony unspecified"
3,Gambia,Freetown
3,Gambia,Cadiz
3,Gambia,Buenos Aires
3,Gambia,Boston
3,Gambia,Annapolis
3,Gallinhas,Trinidad de Cuba
3,Gallinhas,Santiago de Cuba
3,Gallinhas,Martinique
3,Gallinhas,Bahia
3,Gabon,Tortola
3,Gabon,Saint John (Antigua)
3,Gabon,Rio de Janeiro
3,Gabon,Montego Bay
3,Gabon,Kingston
3,Gabon,Demerara
3,Gabon,Campos
3,Gabon,Cabo Frio
3,Epe,Saint-Marc
3,Epe,Cayes (Les)
3,Elmina,West Indies (colony unspecified)
3,Elmina,Barbados
3,Danish Gold Coast,St. Thomas
3,Gold Coast,Maranhao
3,Congo River,Trinidad de Cuba
3,Congo River,Puerto Padre
3,Congo River,Dominica
3,Congo River,Cap Francais
3,Christiansborg,Havana
3,Cap Lopez,Grenada
3,Cap Lopez,Freetown
3,Cap Lopez,Cayes (Les)
3,Cape Verde Islands,Lisbon
3,Cape Verde Islands,"Hispaniola, unspecified"
3,Cape Verde Islands,Havana
3,Cape Verde Islands,Americas
3,Cape Mount (Cape Grand Mount),Tortola
3,Cape Mount (Cape Grand Mount),Saint-Marc
3,Cape Mount (Cape Grand Mount),Havana
3,Cape Mount (Cape Grand Mount),Bahamas
3,Cape Lahou,Barbados
3,Cape Coast Castle,York River
3,Cape Coast Castle,Virginia
3,Cape Coast Castle,Tortola
3,Cape Coast Castle,Suriname
3,Cape Coast Castle,St. Croix
3,Cameroons,Tortola
3,Cameroons,St. Lucia
3,Cameroons,Basse-Terre
3,Calabar,"French Caribbean, colony unspecified"
3,Calabar,Antigua
3,Cacheu,Venezuela
3,Cacheu,"Americas, region unspecified"
3,Cabinda,St. Kitts
3,Cabinda,Saint-Marc
3,Cabinda,Maranhao
3,Cabinda,Liberia
3,Bonny,St. Croix
3,Bonny,Rappahannock
3,Bonny,Newcastle (Nevis)
3,Bonny,La Guaira
3,Bonny,Cayes (Les)
3,Bissau,Santiago de Cuba
3,Bimbia,Pernambuco
3,Bight of Biafra and Gulf of Guinea Islands,Saint-Marc
3,Bight of Biafra and Gulf of Guinea Islands,Leogane
3,Bight of Biafra and Gulf of Guinea Islands,Demerara
3,Bight of Biafra and Gulf of Guinea Islands,Cartagena
3,Bight of Biafra and Gulf of Guinea Islands,Basse-Terre
3,Bight of Benin,St. Thomas
3,Bight of Benin,Dominica
3,Bight of Benin,"Danish West Indies, colony unspecified"
3,Bight of Benin,Charleston
3,Bight of Benin,Cayes (Les)
3,Benin,St. Vincent
3,Benin,St. Kitts
3,Benguela,Santos
3,Benguela,"Rio de Janeiro, Sao Paulo, Santa Catarina"
3,Benguela,Luanda
3,Benguela,Ilha Grande
3,Benguela,"Americas, region unspecified"
3,Bassa,Charleston
3,Bassa,"British Caribbean, colony unspecified"
3,Bance Island (Ben's Island),Saint John (Antigua)
3,Bance Island (Ben's Island),Demerara
3,Bance Island (Ben's Island),Americas
3,Banana Islands,St. Kitts
3,Badagry/Apa,Pernambuco
3,Ardra,Port-au-Prince
3,Ardra,Essequibo
3,Apammin,Cap Francais
3,Anomabu,Rappahannock
3,Anomabu,Portobelo
3,Anomabu,Newcastle (Nevis)
3,Anomabu,Montserrat
3,Ambriz,Barbados
3,Africa,Tobago
3,Africa,St. Maarten
3,Africa,St. Helena
3,Africa,Santa Marta
3,Africa,San Juan de los Remedios
3,Africa,North Carolina
3,Africa,Guadeloupe
3,Africa,Eastern New Jersey
3,Africa,Canasi
3,Africa,Cadiz
3,Africa,Cabo Frio
3,Africa,British Leewards
3,Accra,Suriname
3,Accra,Martinique
3,Accra,Havana
3,Accra,Curacao
3,Accra,Barbados
3,Accra,Bahia
2,Gold Coast,St. Kitts
2,Gold Coast,Saint John (Antigua)
2,Gold Coast,Kingston
2,Gold Coast,"Danish West Indies, colony unspecified"
2,Windward Coast,Zion Hill
2,Windward Coast,St. Croix
2,Windward Coast,Puerto Rico
2,Windward Coast,Port-au-Prince
2,Windward Coast,North Carolina
2,Windward Coast,Essequibo
2,Windward Coast,Cap Francais
2,Windward Coast,Americas
2,Windward Coast (Nunez - Assini),Suriname
2,Windward Coast (Nunez - Assini),Bahamas
2,Whydah,Veracruz
2,Whydah,Santos
2,Whydah,Port-de-Paix
2,Whydah,Montserrat
2,Whydah,Montego Bay
2,Whydah,Maranhao
2,Whydah,Louisiana
2,Whydah,Essequibo
2,Whydah,Bahia Honda
2,Whydah,Antigua
2,Whydah,"Americas, region unspecified"
2,West of Cape Apolonia,Pernambuco
2,West of Cape Apolonia,Bahia
2,West Central Africa and St. Helena,Zion Hill
2,West Central Africa and St. Helena,Santiago de Cuba
2,West Central Africa and St. Helena,Rio de Janeiro province
2,West Central Africa and St. Helena,Patuxent
2,West Central Africa and St. Helena,Maryland
2,West Central Africa and St. Helena,Marica
2,West Central Africa and St. Helena,Maranhao
2,West Central Africa and St. Helena,Macae
2,West Central Africa and St. Helena,La Guaira
2,West Central Africa and St. Helena,Jeremie
2,West Central Africa and St. Helena,Ilha Grande
2,West Central Africa and St. Helena,Freetown
2,West Central Africa and St. Helena,Cape of Good Hope
2,West Central Africa and St. Helena,Cadiz
2,Southeast Africa and Indian Ocean islands,Rio de Janeiro
2,Southeast Africa and Indian Ocean islands,Americas
2,Sierra Leone,Cartagena
2,Sierra Leone estuary,Zion Hill
2,Sierra Leone estuary,Upper James River
2,Sierra Leone estuary,Trinidad
2,Sierra Leone estuary,St. Augustine
2,Sierra Leone estuary,Savanna la Mar
2,Sierra Leone estuary,Leogane
2,Sierra Leone estuary,Freetown
2,Sierra Leone estuary,Bahamas
2,Sierra Leone estuary,Antigua
2,Sherbro,Puerto Rico
2,Sherbro,Newcastle (Nevis)
2,Sherbro,Martinique
2,Sherbro,Jamaica
2,Sherbro,Charleston
2,Senegambia and offshore Atlantic,Suriname
2,Senegambia and offshore Atlantic,Rappahannock
2,Senegambia and offshore Atlantic,"Hispaniola, unspecified"
2,Senegambia and offshore Atlantic,Essequibo
2,Senegambia and offshore Atlantic,Barbados
2,Sao Tome,"Spanish Circum-Caribbean,unspecified"
2,Sao Tome,"Spanish Caribbean, unspecified"
2,Sao Tome,Spanish Americas
2,Sao Tome,Sao Sebastiao
2,Sao Tome,Puerto Rico
2,Sao Tome,New Spain
2,Sao Tome,Montevideo
2,Saint-Louis,Petit-Goave
2,Saint-Louis,North Carolina
2,Saint-Louis,New York
2,Saint-Louis,La Balise
2,Saint-Louis,Cuba
2,Saint-Louis,Buenos Aires
2,River del Rey,Martinique
2,River Brass,Cuba
2,River Brass,Americas
2,Rio Zaire,Rio de Janeiro
2,Rio Pongo,Florida
2,Rio Pongo,Cabanas
2,Rio Pongo,Americas
2,Rio Nunez,Suriname
2,Rio Nunez,Demerara
2,Rio Forcados,Curacao
2,Quirimba,Cap Francais
2,Quilimane,Ponta Negro
2,Quilimane,Montevideo
2,Quilimane,Macae
2,Quilimane,Ilha de Marambaia
2,Quaqua,Grenada
2,Princes Island,Sagua
2,Princes Island,Martinique
2,Princes Island,Charleston
2,Portuguese Guinea,Santa Marta
2,Portuguese Guinea,Para
2,Porto Novo,Demerara
2,Popo,Zion Hill
2,Popo,St. Kitts
2,Popo,Saint John (Antigua)
2,Popo,Havana
2,Popo,Grenada
2,Popo,Dominica
2,Popo,Curacao
2,Pokesoe (Princes Town),St. Thomas
2,New Calabar,York River
2,New Calabar,West Indies (colony unspecified)
2,New Calabar,Tenerife
2,New Calabar,"Spanish Caribbean, unspecified"
2,New Calabar,Savanna la Mar
2,New Calabar,Pernambuco
2,New Calabar,Montserrat
2,New Calabar,"French Caribbean, colony unspecified"
2,New Calabar,Cuba
2,New Calabar,Cartagena
2,New Calabar,Buenos Aires
2,New Calabar,Basse-Terre
2,New Calabar,Americas
2,Mozambique,"Rio de Janeiro, Sao Paulo, Santa Catarina"
2,Mozambique,Rio de Janeiro province
2,Mozambique,Mariel
2,Mozambique,Macae
2,Mozambique,Leogane
2,Mozambique,Ilha de Marambaia
2,Mozambique,Charleston
2,Mozambique,Americas
2,Mauritius (Ile de France),Montevideo
2,Malembo,West Indies (colony unspecified)
2,Malembo,Saint-Marc
2,Malembo,Saint John (Antigua)
2,Malembo,Puerto Rico
2,Malembo,Maryland
2,Malembo,Maranhao
2,Malembo,Dominica
2,Madeira,Barbados
2,Luanda,Ubatuba
2,Luanda,"Spanish Circum-Caribbean,unspecified"
2,Luanda,Santiago de Cuba
2,Luanda,Santa Marta
2,Luanda,San Domingo (a) Santo Domingo
2,Luanda,Parati
2,Luanda,Paraiba
2,Luanda,Montevideo
2,Luanda,Marica
2,Luanda,Ilha de Itamaric
2,Luanda,Guatemala
2,Luanda,Cumana
2,Luanda,Cabo Frio
2,Luanda,Baia de Botafogo
2,Luanda,Bahamas
2,Luanda,Americas
2,Loango,St. Thomas
2,Loango,Saint John (Antigua)
2,Loango,Para
2,Loango,New York
2,Loango,New Orleans
2,Loango,"French Caribbean, colony unspecified"
2,Loango,Freetown
2,Loango,Cayenne
2,Little Popo,Port-au-Prince
2,Little Popo,Americas
2,Little Bassa,Freetown
2,"Lagos, Onim",St. Vincent
2,"Lagos, Onim",Sao Sebastiao
2,"Lagos, Onim",Jamaica
2,"Lagos, Onim",Isla de Pinas
2,"Lagos, Onim",Dominica
2,"Lagos, Onim",Basse-Terre
2,"Lagos, Onim",Barbados
2,Kormantine,Cap Francais
2,Kilwa,Saint-Domingue
2,Kilwa,Leogane
2,Jacquin,Paramaribo
2,Jacquin,Jamaica
2,Jacquin,Freetown
2,Jacquin,Essequibo
2,Inhambane,Pernambuco
2,Iles Plantain,Barbados
2,Iles de Los,Demerara
2,Ife,Bahia
2,Grand Mesurado,Cap Francais
2,Grand Mesurado,Barbados
2,Goree,Suriname
2,Goree,Jamaica
2,Goree,Havana
2,Goree,Fort Dauphin
2,Goree,"British Caribbean, colony unspecified"
2,Goree,Basse-Terre
2,Goree,Bahamas
2,Gold Coast,Tortola
2,Gold Coast,South Carolina
2,Gold Coast,Savanna la Mar
2,Gold Coast,Saint-Marc
2,Gold Coast,Rio de Janeiro
2,Gold Coast,Rappahannock
2,Gold Coast,Port-au-Prince
2,Gold Coast,Leogane
2,Gold Coast,Falmouth (Jam.)
2,Gold Coast,Cartagena
2,Gold Coast,Bahamas
2,Gold Coast,Annapolis
2,Gold Coast,Port-de-Paix
2,Gold Coast,"French Caribbean, colony unspecified"
2,Gold Coast east of Kormantine,Paraiba
2,Gambia,St. Thomas
2,Gambia,Rhode Island
2,Gambia,Philadelphia
2,Gambia,Martha Brae
2,Gambia,Hampton
2,Gambia,Cayes (Les)
2,Gambia,Beaufort
2,Gambia,Antigua
2,Gambia,"Americas, region unspecified"
2,Gallinhas,Savannah
2,Gallinhas,Saint John (Antigua)
2,Gallinhas,Kingston
2,Gallinhas,Dominica
2,Gallinhas,Demerara
2,Gallinhas,Cayenne
2,Gallinhas,Caribbean (colony unspecified)
2,Gabon,St. Vincent
2,Gabon,Para
2,Gabon,Maranhao
2,Gabon,Cayes (Les)
2,Gabon,Cayenne
2,Gabon,"British Caribbean, colony unspecified"
2,French Africa (Goree or Senegal),Santiago de Cuba
2,Epe,Cul-de-Sac
2,Elmina,Martinique
2,Elmina,Essequibo
2,Elmina,Charleston
2,Elmina,"Americas, region unspecified"
2,Corisco,Curacao
2,Congo River,Tortola
2,Congo River,St. Croix
2,Congo River,"Rio de Janeiro, Sao Paulo, Santa Catarina"
2,Congo River,Port-au-Prince
2,Congo River,Ponta Negro
2,Congo River,Key West
2,Congo River,Ilha Grande
2,Congo River,"Cuba, west coast"
2,Congo River,Campos
2,Congo River,Buenos Aires
2,Congo River,Barbados
2,Congo River,Bahia Honda
2,Congo North,Savannah
2,Congo North,Rio de Janeiro
2,Christiansborg,Americas
2,Cess,Suriname
2,Cess,Martinique
2,Cap Lopez,Rio de Janeiro province
2,Cap Lopez,Pernambuco
2,Cap Lopez,Martinique
2,Cap Lopez,Barbados
2,Cape Verde Islands,San Juan
2,Cape Verde Islands,Pernambuco
2,Cape Verde Islands,Paraiba
2,Cape Verde Islands,Basse-Terre
2,Cape Verde Islands,Barbados
2,Cape Mount (Cape Grand Mount),St. Croix
2,Cape Mount (Cape Grand Mount),Saint-Domingue
2,Cape Mount (Cape Grand Mount),Cuba
2,Cape Mount (Cape Grand Mount),Americas
2,Cape Lahou,Kingston
2,Cape Lahou,Curacao
2,Cape Coast Castle,Veracruz
2,Cape Coast Castle,Trinidad
2,Cape Coast Castle,"French Caribbean, colony unspecified"
2,Cape Coast Castle,Cartagena
2,Cape Coast Castle,Bahia
2,Cape Coast Castle,Antigua
2,Cameroons,Virginia
2,Cameroons,Suriname
2,Cameroons,St. Vincent
2,Cameroons,St. Thomas
2,Cameroons,St. Croix
2,Cameroons River,Grenada
2,Cameroons River,Dominica
2,Cameroons River,Barbados
2,Cameroons,Bahia
2,Calabar,Zion Hill
2,Calabary,Barbados
2,Calabar,St. Lucia
2,Calabar,Montserrat
2,Calabar,Martha Brae
2,Calabar,Leogane
2,Calabar,Antonia
2,Cacheu,"Spanish Caribbean, unspecified"
2,Cacheu,New Spain
2,Cabinda,Saint-Domingue
2,Cabinda,Rio Sao Jeso
2,Cabinda,Ponta Negro
2,Cabinda,Para
2,Cabinda,Maryland
2,Cabinda,Marica
2,Cabinda,Mangaratiba
2,Cabinda,Macae
2,Cabinda,Essequibo
2,Cabinda,"Americas, region unspecified"
2,Bonny,Saint-Marc
2,Bonny,Saint-Domingue
2,Bonny,Rio de Janeiro
2,Bonny,Martha Brae
2,Bonny,Lucea (a) St. Lucea
2,Bonny,Leogane
2,Bonny,Guadeloupe
2,Bonny,"French Caribbean, colony unspecified"
2,Bonny,Cartagena
2,Bonny,Caribbean (colony unspecified)
2,Bonny,Buenos Aires
2,Bissau,Saint-Domingue
2,Bissau,Rio de Janeiro
2,Bissau,Matanzas
2,Bissau,Lisbon
2,Bissau,Jamaica
2,Bissau,Freetown
2,Bissau,Bahia
2,Bimbia,St. Vincent
2,Bimbia,Grenada
2,Bimbia,Freetown
2,Bights,Santiago de Cuba
2,Bight of Biafra and Gulf of Guinea Islands,Virginia
2,Bight of Biafra and Gulf of Guinea Islands,St. Thomas
2,Bight of Biafra and Gulf of Guinea Islands,Port-au-Prince
2,Bight of Biafra and Gulf of Guinea Islands,Newcastle (Nevis)
2,Bight of Biafra and Gulf of Guinea Islands,"Hispaniola, unspecified"
2,Bight of Benin,Veracruz
2,Bight of Benin,Santos
2,Bight of Benin,Montevideo
2,Bight of Benin,Matanzas
2,Bight of Benin,Leogane
2,Bight of Benin,Cuba
2,Bight of Benin,Cartagena
2,Bight of Benin,Americas
2,Benin,Zion Hill
2,Benin,Tortola
2,Benin,St. Lucia
2,Benin,Saint-Marc
2,Benin,Saint John (Antigua)
2,Benin,Leogane
2,Benin,Havana
2,Benin,Freetown
2,Benin,Charleston
2,Benin,Basse-Terre
2,Benguela,Ponta Negro
2,Benguela,Paranagua
2,Benguela,"Matanzas province, south"
2,Benguela,Matanzas
2,Benguela,Mangaratiba
2,Benguela,Cabo Frio
2,Benguela,Buenos Aires
2,Bassa,Suriname
2,Bassa,Martinique
2,Bassa,Demerara
2,Bance Island (Ben's Island),Suriname
2,Bance Island (Ben's Island),Savannah
2,Bance Island (Ben's Island),Grenada
2,Bance Island (Ben's Island),Dominica
2,Bance Island (Ben's Island),Basse-Terre
2,Banana Islands,Savannah
2,Banana Islands,Montego Bay
2,Banana Islands,Kingston
2,Banana Islands,Charleston
2,Banana Islands,Cap Francais
2,Banana Islands,"British Caribbean, colony unspecified"
2,Badagry/Apa,Paramaribo
2,Badagry/Apa,Demerara
2,Badagry/Apa,Cayes (Les)
2,Badagry/Apa,Basse-Terre
2,Badagry/Apa,Americas
2,Ardra,Newcastle (Nevis)
2,Ardra,Cap Francais
2,Apammin,Suriname
2,Anomabu,York River
2,Anomabu,Upper James River
2,Anomabu,St. Eustatius
2,Anomabu,Saint-Domingue
2,Anomabu,Rio de Janeiro
2,Anomabu,Rhode Island
2,Anomabu,Montevideo
2,Ambriz,Port-au-Prince
2,Ambriz,Martinique
2,Ambriz,Buenos Aires
2,Alampo,Jamaica
2,Africa,Venezuela
2,Africa,Trujillo
2,Africa,Taipu
2,Africa,St. Barthelemy
2,Africa,St. Augustine
2,Africa,Spanish Town
2,Africa,Rio Grande do Sul Province
2,Africa,Port-de-Paix
2,Africa,Ocoa
2,Africa,North Potomac
2,Africa,Middletown
2,Africa,Lower James River
2,Africa,Londontowne
2,Africa,La Balise
2,Africa,Hampton
2,Africa,Hamilton (Bermuda)
2,Africa,"Gustavia, St. Barthelemy"
2,Africa,Georgia
2,Africa,Delaware River
2,Africa,Cul-de-Sac
2,Africa,Cape of Good Hope
2,Africa,Baracoa
2,Africa,Antigua
2,Africa,Africa
2,Africa,???
2,Accra,Montevideo
2,Accra,Jamaica
1,Zanzibar,Santiago de Cuba
1,Zanzibar,Montevideo
1,Zanzibar,Martinique
1,Gold Coast,"Spanish Circum-Caribbean,unspecified"
1,Gold Coast,Saint-Marc
1,Gold Coast,Petit-Goave
1,Gold Coast,Leogane
1,Gold Coast,"Dutch Guianas, colony unspecified"
1,Gold Coast,Demerara
1,Gold Coast,Charleston
1,Gold Coast,Cayenne
1,Gold Coast,Bahia
1,Gold Coast,Annotto Bay
1,Windward Coast,Trinidad
1,Windward Coast,St. Eustatius
1,Windward Coast,Spanish Town
1,Windward Coast,South Carolina
1,Windward Coast,Saint-Domingue
1,Windward Coast,Sagua
1,Windward Coast,Paramaribo
1,Windward Coast,New London
1,Windward Coast,Newcastle (Nevis)
1,Windward Coast,Montserrat
1,Windward Coast,Montevideo
1,Windward Coast,Montego Bay
1,Windward Coast,Lucea (a) St. Lucea
1,Windward Coast,Falmouth (Jam.)
1,Windward Coast,Curacao
1,Windward Coast,Cul-de-Sac
1,Windward Coast,Cayes (Les)
1,Windward Coast,Cayenne
1,Windward Coast,Black River
1,Windward Coast,Antigua
1,Windward Coast,Annapolis
1,Windward Coast (Nunez - Assini),St. Lucia
1,Windward Coast (Nunez - Assini),Saint-Domingue
1,Windward Coast (Nunez - Assini),Jamaica
1,Windward Coast (Nunez - Assini),Basse-Terre
1,Windward Coast (Nunez - Assini),Annotto Bay
1,Wiamba,Barbados
1,Whydah,York River
1,Whydah,Upper James River
1,Whydah,Trinidad
1,Whydah,"Spanish Circum-Caribbean,unspecified"
1,Whydah,Spanish Americas
1,Whydah,Sao Sebastiao
1,Whydah,Santiago de Cuba
1,Whydah,Rappahannock
1,Whydah,Puerto Rico
1,Whydah,Mobile
1,Whydah,"Magari, Manzanillo"
1,Whydah,Lisbon
1,Whydah,La Balise
1,Whydah,Key West
1,Whydah,Isla de Pinas
1,Whydah,Florida
1,Whydah,Cul-de-Sac
1,Whydah,Cardenas
1,Whydah,Campos
1,Whydah,British Honduras
1,West of Cape Apolonia,"Americas, region unspecified"
1,West Central Africa and St. Helena,Venezuela
1,West Central Africa and St. Helena,Trujillo
1,West Central Africa and St. Helena,St. Barthelemy
1,West Central Africa and St. Helena,"Spanish Caribbean, unspecified"
1,West Central Africa and St. Helena,South Potomac
1,West Central Africa and St. Helena,South Carolina
1,West Central Africa and St. Helena,Sao Tome
1,West Central Africa and St. Helena,Santa Marta
1,West Central Africa and St. Helena,Samana
1,West Central Africa and St. Helena,Saint Ann's Bay
1,West Central Africa and St. Helena,Rio Sao Jeso
1,West Central Africa and St. Helena,Rio Grande do Sul Province
1,West Central Africa and St. Helena,Rio de la Hacha
1,West Central Africa and St. Helena,Rappahannock
1,West Central Africa and St. Helena,Portobelo
1,West Central Africa and St. Helena,Ponta Negro
1,West Central Africa and St. Helena,Petit-Goave
1,West Central Africa and St. Helena,Paramaribo
1,West Central Africa and St. Helena,Para
1,West Central Africa and St. Helena,Montserrat
1,West Central Africa and St. Helena,Maldonado
1,West Central Africa and St. Helena,Lower James River
1,West Central Africa and St. Helena,Louisiana
1,West Central Africa and St. Helena,Lima
1,West Central Africa and St. Helena,Guatemala
1,West Central Africa and St. Helena,Guadeloupe
1,West Central Africa and St. Helena,"French Caribbean, colony unspecified"
1,West Central Africa and St. Helena,France
1,West Central Africa and St. Helena,Essequibo
1,West Central Africa and St. Helena,"Danish West Indies, colony unspecified"
1,West Central Africa and St. Helena,Cumingsberg
1,West Central Africa and St. Helena,"Cuba, south coast"
1,West Central Africa and St. Helena,Campeche
1,West Central Africa and St. Helena,Berbice
1,West Central Africa and St. Helena,Beaufort
1,West Central Africa and St. Helena,Antonia
1,West Central Africa and St. Helena,Annapolis
1,West Central Africa and St. Helena,Alagoas province
1,Trade Town,Freetown
1,Touau-Toro (location undetermined),Santiago de Cuba
1,Tabou,Grenada
1,Sugary (Siekere),Saint John (Antigua)
1,St. Paul,Saint-Domingue
1,St. Paul,Barbados
1,St. Lawrence,Jamaica
1,Soyo,Barbados
1,Southeast Africa and Indian Ocean islands,Saint-Domingue
1,Southeast Africa and Indian Ocean islands,Port-au-Prince
1,Southeast Africa and Indian Ocean islands,Cuba
1,Southeast Africa and Indian Ocean islands,Cape of Good Hope
1,Southeast Africa and Indian Ocean islands,Buenos Aires
1,Southeast Africa and Indian Ocean islands,Basse-Terre
1,Southeast Africa and Indian Ocean islands,Barbados
1,Southeast Africa and Indian Ocean islands,"Americas, region unspecified"
1,Sofala,Rio de Janeiro
1,Sofala,Charleston
1,Sofala,Cabo Frio
1,Sierra Leone,Suriname
1,Sierra Leone,Savannah
1,Sierra Leone,Port Royal
1,Sierra Leone,Paramaribo
1,Sierra Leone,Newport
1,Sierra Leone,Jamaica
1,Sierra Leone,Cuba
1,Sierra Leone,Cayes (Les)
1,Sierra Leone,Cap Francais
1,Sierra Leone,Cabo Frio
1,Sierra Leone,Cabo de Buzios
1,Sierra Leone,British Honduras
1,Sierra Leone,Basse-Terre
1,Sierra Leone,Bahia
1,Sierra Leone estuary,York River
1,Sierra Leone estuary,St. Lucia
1,Sierra Leone estuary,South Carolina
1,Sierra Leone estuary,Rhode Island
1,Sierra Leone estuary,Rappahannock
1,Sierra Leone estuary,Port Maria
1,Sierra Leone estuary,Port-de-Paix
1,Sierra Leone estuary,Paramaribo
1,Sierra Leone estuary,North Carolina
1,Sierra Leone estuary,Montserrat
1,Sierra Leone estuary,Montevideo
1,Sierra Leone estuary,Martha Brae
1,Sierra Leone estuary,Florida
1,Sierra Leone estuary,Curacao
1,Sierra Leone estuary,Cayenne
1,Sierra Leone estuary,Canary Islands
1,Sierra Leone estuary,Buenos Aires
1,Sierra Leone estuary,Boston
1,Sierra Leone estuary,Black River
1,Sierra Leone estuary,Berbice
1,Sierra Leone estuary,Arcahaie
1,Sherbro,St. Thomas
1,Sherbro,Savannah
1,Sherbro,Santiago de Cuba
1,Sherbro,Rhode Island
1,Sherbro,Montevideo
1,Sherbro,Maryland
1,Sherbro,Mariel
1,Sherbro,Cuba
1,Sherbro,Caribbean (colony unspecified)
1,Sherbro,Antonia
1,Sherbro,Annapolis
1,Sherbro,Americas
1,Settra Kru,Barbados
1,Senegambia or Sierra Leone,Havana
1,Senegambia or Sierra Leone,Demerara
1,Senegambia or Sierra Leone,Charleston
1,Senegambia and offshore Atlantic,Trinidad
1,Senegambia and offshore Atlantic,St. Kitts
1,Senegambia and offshore Atlantic,South Potomac
1,Senegambia and offshore Atlantic,Senegambia and offshore Atlantic
1,Senegambia and offshore Atlantic,Santa Marta
1,Senegambia and offshore Atlantic,Saint-Domingue
1,Senegambia and offshore Atlantic,Port Royal
1,Senegambia and offshore Atlantic,Portobelo
1,Senegambia and offshore Atlantic,Patuxent
1,Senegambia and offshore Atlantic,Para
1,Senegambia and offshore Atlantic,Ocoa
1,Senegambia and offshore Atlantic,New Orleans
1,Senegambia and offshore Atlantic,Maryland
1,Senegambia and offshore Atlantic,Margarita
1,Senegambia and offshore Atlantic,Lisbon
1,Senegambia and offshore Atlantic,Le Havre
1,Senegambia and offshore Atlantic,Jamaica
1,Senegambia and offshore Atlantic,Jacmel
1,Senegambia and offshore Atlantic,French Africa (Goree or Senegal)
1,Senegambia and offshore Atlantic,France
1,Senegambia and offshore Atlantic,Cuba
1,Senegambia and offshore Atlantic,"British Caribbean, colony unspecified"
1,Senegambia and offshore Atlantic,Biloxi
1,Senegambia and offshore Atlantic,Antigua
1,Scarcies,Saint-Marc
1,Sassandra,Saint-Marc
1,Sassandra,Leogane
1,Sao Tome,Para
1,Sao Tome or Princes Island,Maranhao
1,Sao Tome,Ocoa
1,Sao Tome,Matanzas
1,Sao Tome,Lisbon
1,Sao Tome,Lagos
1,Sao Tome,Kingston
1,Sao Tome,Jamaica
1,Sao Tome,Ilha Grande
1,Sao Tome,Freetown
1,Sao Tome,"Cuba, south coast"
1,Sao Tome,Catuamo and Maria Farinha
1,Sao Tome,Caribbean (colony unspecified)
1,Sao Tome,Cabanas
1,Sao Tome,Buenos Aires
1,Sao Tome,Basse-Terre
1,Sao Tome,Bahia Honda
1,Sao Tome,"Americas, region unspecified"
1,Salinas,Luanda
1,Salinas,Demerara
1,Saint-Louis,Upper James River
1,Saint-Louis,Tortola
1,Saint-Louis,Suriname
1,Saint-Louis,St. Lucia
1,Saint-Louis,St. Barthelemy
1,Saint-Louis,St. Augustine
1,Saint-Louis,South Potomac
1,Saint-Louis,Senegambia and offshore Atlantic
1,Saint-Louis,Rappahannock
1,Saint-Louis,Puerto Rico
1,Saint-Louis,Port-de-Paix
1,Saint-Louis,New Orleans
1,Saint-Louis,Newcastle (Nevis)
1,Saint-Louis,Montserrat
1,Saint-Louis,Maryland
1,Saint-Louis,Louisiana
1,Saint-Louis,Kingston
1,Saint-Louis,Jacmel
1,Saint-Louis,Hampton
1,Saint-Louis,French Africa (Goree or Senegal)
1,Saint-Louis,Freetown
1,Saint-Louis,Falmouth (Jam.)
1,Saint-Louis,Annapolis
1,River Kissey,St. Vincent
1,River Kissey,Saint John (Antigua)
1,River Kissey,Grenada
1,River del Rey,Portobelo
1,River del Rey,Pernambuco
1,River del Rey,Dominica
1,River del Rey,Canary Islands
1,River del Rey,Buenos Aires
1,River Brass,Martinique
1,Rio Pongo,Suriname
1,Rio Pongo,St. Thomas
1,Rio Pongo,St. Barthelemy
1,Rio Pongo,Savannah
1,Rio Pongo,Rio Pongo
1,Rio Pongo,Paramaribo
1,Rio Pongo,Montevideo
1,Rio Pongo,Matanzas
1,Rio Pongo,Guanimar
1,Rio Pongo,French Africa (Goree or Senegal)
1,Rio Pongo,British Honduras
1,Rio Pongo,"British Caribbean, colony unspecified"
1,Rio Pongo,Basse-Terre
1,Rio Pongo,Barbados
1,Rio Pongo,"Americas, region unspecified"
1,Rio Nunez,Savannah
1,Rio Nunez,Nassau
1,Rio Nunez,Matanzas
1,Rio Nunez,Kingston
1,Rio Nunez,Basse-Terre
1,Rio Nunez,Americas
1,Rio Nun,Cayenne
1,Rio Grande,St. Kitts
1,Rio Grande,Spanish Americas
1,Rio Grande,Puerto Rico
1,Rio Dande (N of Luanda),Luanda
1,Rio Assini,"Americas, region unspecified"
1,Quirimba,Mauritius (Ile de France)
1,Quilimane,Ubatuba
1,Quilimane,Taipu
1,Quilimane,St. Helena
1,Quilimane,Southeast Brazil
1,Quilimane,Paranagua
1,Quilimane,Paraiba
1,Quilimane,Mauritius (Ile de France)
1,Quilimane,Mangaratiba
1,Quilimane,Havana
1,Quilimane,Cabo de Buzios
1,Quicombo,St. Helena
1,Quicombo,Freetown
1,Princes Island,Sao Sebastiao
1,Princes Island,Santos
1,Princes Island,Puerto Rico
1,Princes Island,Montevideo
1,Princes Island,Maranhao
1,Princes Island,Lisbon
1,Princes Island,Grenada
1,Princes Island,Cul-de-Sac
1,Princes Island,Cap Francais
1,Princes Island,Basse-Terre
1,Princes Island,Baia de Botafogo
1,Princes Island and Elmina,New Spain
1,Princes Island and Elmina,Cartagena
1,Princes Island,"Americas, region unspecified"
1,Princes Island,Americas
1,Portuguese Guinea,West Indies (colony unspecified)
1,Portuguese Guinea,"Spanish Caribbean, unspecified"
1,Portuguese Guinea,San Juan
1,Portuguese Guinea,San Domingo (a) Santo Domingo
1,Portuguese Guinea,New Spain
1,Portuguese Guinea,Jamaica
1,Portudal,French Africa (Goree or Senegal)
1,Portudal,Curacao
1,Porto Novo,Suriname
1,Porto Novo,St. Vincent
1,Porto Novo,Saint John (Antigua)
1,Porto Novo,Saint-Domingue
1,Porto Novo,Rio de Janeiro
1,Porto Novo,Petit-Goave
1,Porto Novo,Pernambuco
1,Porto Novo,Havana
1,Porto Novo,Grenada
1,Porto Novo,Cuba
1,Porto Novo,Barbados
1,Popo,Suriname
1,Popo,Petit-Goave
1,Popo,Montego Bay
1,Popo,Guanimar
1,Popo,"French Caribbean, colony unspecified"
1,Popo,Demerara
1,Popo,Cayenne
1,Popo,Cap Francais
1,Popo,Cape of Good Hope
1,Popo,Cabanas
1,Popo,Buenos Aires
1,Popo,"British Caribbean, colony unspecified"
1,Popo,Black River
1,Popo,Bahia Honda
1,Popo,Americas
1,Pokesoe (Princes Town),St. Eustatius
1,Pokesoe (Princes Town),"Danish West Indies, colony unspecified"
1,place_of_purchase,port_arrival
1,Petit Mesurado,Martinique
1,Petit Mesurado,Cayes (Les)
1,Penido,Bahia
1,Oere,Freetown
1,Oere,Bahia
1,Nova Redonda,Pernambuco
1,Nova Redonda,Macae
1,Nova Redonda,Freetown
1,Nova Redonda,Bahia
1,New Calabar,Upper James River
1,New Calabar,Tortola
1,New Calabar,St. Croix
1,New Calabar,Santa Marta
1,New Calabar,Puerto Rico
1,New Calabar,Montevideo
1,New Calabar,Martha Brae
1,New Calabar,Leogane
1,New Calabar,Essequibo
1,New Calabar,"Dutch Guianas, colony unspecified"
1,New Calabar,"Dutch Caribbean, colony unspecified"
1,New Calabar,Cadiz
1,New Calabar,"British Caribbean, colony unspecified"
1,New Calabar,Bight of Biafra and Gulf of Guinea Islands
1,New Calabar,Bahia
1,New Calabar,???
1,Mpinda,Cayenne
1,Mozambique,Taipu
1,Mozambique,St. Eustatius
1,Mozambique,"Spanish Caribbean, unspecified"
1,Mozambique,Saint-Domingue
1,Mozambique,Paranagua
1,Mozambique,Para
1,Mozambique,New Orleans
1,Mozambique,Matanzas
1,Mozambique,Martinique
1,Mozambique,Louisiana
1,Mozambique,Ilha de Itamaric
1,Mozambique,Ile de France
1,Mozambique,Freetown
1,Mozambique,Florida
1,Mozambique,Dominica
1,Mozambique,Cienfuegos
1,Mozambique,Cayenne
1,Mozambique,Catuamo and Maria Farinha
1,Mozambique,Cananeia
1,Mozambique,Cabo Frio
1,Mozambique,Cabanas
1,Mozambique,Barbados
1,Momboza or Zanzibar,Charleston
1,Momboza or Zanzibar,Cap Francais
1,Mayumba,St. Helena
1,Mayumba,Saint-Marc
1,Mayumba,Port-au-Prince
1,Mayumba,Patuxent
1,Mayumba,New York
1,Mayumba,Martinique
1,Mayumba,Havana
1,Mayumba,"French Caribbean, colony unspecified"
1,Mayumba,Buenos Aires
1,Mayumba,"British Caribbean, colony unspecified"
1,Mayumba,Bahamas
1,Mascarene Islands,Saint-Marc
1,Mascarene Islands,Martinique
1,Mano,Virginia
1,Mano,Martinique
1,Mano,Grenada
1,Mano,Freetown
1,Malembo,St. Vincent
1,Malembo,"Spanish Circum-Caribbean,unspecified"
1,Malembo,South Carolina
1,Malembo,Sagua
1,Malembo,Rappahannock
1,Malembo,Port-de-Paix
1,Malembo,Paraiba
1,Malembo,Montevideo
1,Malembo,Malembo
1,Malembo,Havana
1,Malembo,Guadeloupe
1,Malembo,Freetown
1,Malembo,Fort Dauphin
1,Malembo,"Dutch Caribbean, colony unspecified"
1,Malembo,Demerara
1,Malembo,Cumana
1,Malembo,Cuba
1,Malembo,Cayenne
1,Malembo,Bahamas
1,Madagascar,West Indies (colony unspecified)
1,Madagascar,Virginia
1,Madagascar,Trinidad de Cuba
1,Madagascar,St. Thomas
1,Madagascar,Santiago de Cuba
1,Madagascar,Saint-Domingue
1,Madagascar,Rappahannock
1,Madagascar,Perth Amboy
1,Madagascar,Newcastle (Nevis)
1,Madagascar,Montserrat
1,Madagascar,Kingston
1,Madagascar,Havana
1,Madagascar,Cap Francais
1,Madagascar,Cape of Good Hope
1,Madagascar,Boston
1,Madagascar,Bahia
1,Madagascar,"Americas, region unspecified"
1,Luanda,Venezuela
1,Luanda,Trujillo
1,Luanda,St. Thomas
1,Luanda,Southeast Brazil
1,Luanda,Santo Tomas
1,Luanda,Rio Grande do Sul Province
1,Luanda,Rio de la Hacha
1,Luanda,Puerto Rico
1,Luanda,Porto de Galinhas
1,Luanda,Martinique
1,Luanda,Luanda
1,Luanda,Leogane
1,Luanda,Ilha de Paqueta
1,Luanda,Ilha de Lobes
1,Luanda,Ilha das Palmas
1,Luanda,Freetown
1,Luanda,Essequibo
1,Luanda,Caracas
1,Luanda,Cap Francais
1,Lourenco Marques,"Rio de Janeiro, Sao Paulo, Santa Catarina"
1,Lourenco Marques,Pernambuco
1,Lourenco Marques,Mangaratiba
1,Lourenco Marques,Cabo Frio
1,Loango,Zion Hill
1,Loango,West Central Africa and St. Helena
1,Loango,Virginia
1,Loango,Trinidad
1,Loango,St. Lucia
1,Loango,St. Kitts
1,Loango,St. Helena
1,Loango,St. Croix
1,Loango,South Carolina
1,Loango,Savannah
1,Loango,Rio de la Hacha
1,Loango,Rappahannock
1,Loango,Puerto Rico
1,Loango,Perth Amboy
1,Loango,Patuxent
1,Loango,Newcastle (Nevis)
1,Loango,Mole Saint Nicolas
1,Loango,Mariel
1,Loango,Macae
1,Loango,Liberia
1,Loango,Grenada
1,Loango,Essequibo
1,Loango,Dominica
1,Loango,Cuba
1,Loango,Canasi
1,Loango,"British Caribbean, colony unspecified"
1,Little Popo,Suriname
1,Little Popo,Saint-Marc
1,Little Popo,Freetown
1,Little Popo,"Danish West Indies, colony unspecified"
1,Little Popo,Cayes (Les)
1,Little Junk,Tortola
1,Little Junk,St. Kitts
1,Legas,Grenada
1,Lay,Suriname
1,Lay,Curacao
1,"Lagos, Onim",Trinidad
1,"Lagos, Onim",Suriname
1,"Lagos, Onim",Santiago de Cuba
1,"Lagos, Onim",Saint-Marc
1,"Lagos, Onim",Saint John (Antigua)
1,"Lagos, Onim",Rio de Janeiro province
1,"Lagos, Onim",Pernambuco
1,"Lagos, Onim",Nassau
1,"Lagos, Onim",Montego Bay
1,"Lagos, Onim",Maceio
1,"Lagos, Onim",Macae
1,"Lagos, Onim",Leogane
1,"Lagos, Onim",Charleston
1,"Lagos, Onim",Cayes (Les)
1,"Lagos, Onim",Berbice
1,"Lagos, Onim",Bahia Honda
1,"Lagos, Onim",Bahamas
1,Kormantine,Saint-Domingue
1,Kormantine,Jeremie
1,Kormantine,Cayes (Les)
1,Kormantine,Bahia
1,Kilwa,Saint-Marc
1,Kilwa,"French Caribbean, colony unspecified"
1,Kilwa,Cayes (Les)
1,Kilwa,Buenos Aires
1,Kilongo,"Cuba, west coast"
1,Kilongo,Cardenas
1,Keta,Saint John (Antigua)
1,Keta,Sagua
1,Keta,Leogane
1,Keta,Isla de Pinas
1,Keta,Cuba
1,Keta,Cap Francais
1,Keta,Berbice
1,Keta,Barbados
1,"Joal, or Saloum River",Senegambia and offshore Atlantic
1,Jacquin,Portobelo
1,Jacquin,Curacao
1,Jacquin,Basse-Terre
1,Jacquin,Americas
1,Ivory Coast,Suriname
1,Ivory Coast,Newcastle (Nevis)
1,Ivory Coast,Martinique
1,Ivory Coast,Jamaica
1,Inhambane,Montevideo
1,Inhambane,Cardenas
1,Inhambane,Cape of Good Hope
1,Inhambane,Campos
1,Inhambane,Bahia
1,Iles Plantain,Freetown
1,Iles de Los,Upper James River
1,Iles de Los,St. Lucia
1,Iles de Los,St. Eustatius
1,Iles de Los,St. Croix
1,Iles de Los,St. Augustine
1,Iles de Los,Savanna la Mar
1,Iles de Los,Santiago de Cuba
1,Iles de Los,Saint-Marc
1,Iles de Los,Saint-Domingue
1,Iles de Los,Rappahannock
1,Iles de Los,Puerto Rico
1,Iles de Los,Newcastle (Nevis)
1,Iles de Los,Martinique
1,Iles de Los,Jacmel
1,Iles de Los,Curacao
1,Ibo,Saint-Marc
1,Ibo,Marica
1,Ibo,Ilha de Marambaia
1,Gulf of Guinea islands,Cartagena
1,Grenada Point,Grenada
1,Grand Sestos,Saint John (Antigua)
1,Grand Sestos,Martinique
1,Grand Sestos,Kingston
1,Grand Sestos,Dominica
1,Grand Sestos,Cuba
1,Grand Sestos,British Honduras
1,Grand Sestos,Americas
1,Grand Popo,Martinique
1,Grand Popo,Curacao
1,Grand Popo,Americas
1,Grand Mesurado,St. Kitts
1,Grand Mesurado,Santiago de Cuba
1,Grand Mesurado,Saint-Marc
1,Grand Mesurado,Saint John (Antigua)
1,Grand Mesurado,Saint-Domingue
1,Grand Mesurado,Port-au-Prince
1,Grand Mesurado,Jamaica
1,Grand Mesurado,Havana
1,Grand Mesurado,Freetown
1,Grand Mesurado,Demerara
1,Grand Mesurado,Cuba
1,Grand Mesurado,Cayes (Les)
1,Grand Mesurado,Bissagos
1,Grand Mesurado,Berbice
1,Grand Junk,Leogane
1,Grand Bassa,Nassau
1,Grand Bassam,West Indies (colony unspecified)
1,Grand Bassam,Grenada
1,Grand Bassam,Cul-de-Sac
1,Grand Bassa,Cuba
1,Grand Bassa,Americas
1,Goree,York River
1,Goree,Trinidad
1,Goree,St. Thomas
1,Goree,St. Kitts
1,Goree,St. Croix
1,Goree,Senegambia and offshore Atlantic
1,Goree,Santiago de Cuba
1,Goree,Saint-Marc
1,Goree,Petit-Goave
1,Goree,Pernambuco
1,Goree,"French Caribbean, colony unspecified"
1,Goree,"Dutch Guianas, colony unspecified"
1,Goree,Dominica
1,Goree,Demerara
1,Goree,Buenos Aires
1,Goree,Boston
1,Goree,Barbados
1,Gold Coast,Veracruz
1,Gold Coast,"USA, location unspecified"
1,Gold Coast,St. Thomas
1,Gold Coast,St. Maarten
1,Gold Coast,St. Eustatius
1,Gold Coast,Stabroek
1,Gold Coast,Santiago de Cuba
1,Gold Coast,Portugal
1,Gold Coast,Portobelo
1,Gold Coast,Port Maria
1,Gold Coast,Nevis
1,Gold Coast,Maryland
1,Gold Coast,Louisiana
1,Gold Coast,La Guaira
1,Gold Coast,Kingston (Demerera)
1,Gold Coast,"Hispaniola, unspecified"
1,Gold Coast,Hampton
1,Gold Coast,Elmina
1,Gold Coast,Cumingsberg
1,Gold Coast,Cuba
1,Gold Coast,Caribbean
1,Gold Coast,Cadiz
1,Gold Coast,Buenos Aires
1,Gold Coast,Boston
1,Gold Coast,Antigua
1,Gold Coast,"Americas, region unspecified"
1,Gold Coast,???
1,Gold Coast,West Indies (colony unspecified)
1,Gold Coast,Portobelo
1,Gold Coast,Pernambuco
1,Gold Coast,Jeremie
1,Gold Coast,Jamaica
1,Gold Coast,Jacmel
1,Gold Coast,Bahia
1,Gold Coast,Americas
1,Gold Coast east of Kormantine,"Americas, region unspecified"
1,Gold Coast + Bight of Benin + Bight of Biafra,Cap Francais
1,Gambia,Veracruz
1,Gambia,Trinidad
1,Gambia,Tortola
1,Gambia,St. Lucia
1,Gambia,St. Eustatius
1,Gambia,St. Barthelemy
1,Gambia,Piscataqua
1,Gambia,Patuxent
1,Gambia,North Carolina
1,Gambia,La Balise
1,Gambia,Goree
1,Gambia,Eastern New Jersey
1,Gambia,Bahamas
1,Gambia,Amelia Island
1,Gambia,Africa
1,Gambia,???
1,Gallinhas,West Indies (colony unspecified)
1,Gallinhas,Trinidad
1,Gallinhas,Suriname
1,Gallinhas,St. Vincent
1,Gallinhas,Sagua
1,Gallinhas,"Rio de Janeiro, Sao Paulo, Santa Catarina"
1,Gallinhas,Puerto Rico
1,Gallinhas,Nassau
1,Gallinhas,Matanzas
1,Gallinhas,Leogane
1,Gallinhas,Grenada
1,Gallinhas,"French Caribbean, colony unspecified"
1,Gallinhas,Barbados
1,Gallinhas,Banes
1,Gallinhas,Bahamas
1,Galam,St. Vincent
1,Galam,Charleston
1,Galam,Cap Francais
1,Galam,Barbados
1,Galam,Bahia
1,Gabon,St. Lucia
1,Gabon,St. Eustatius
1,Gabon,Sao Tome
1,Gabon,Sao Sebastiao
1,Gabon,Saint Ann's Bay
1,Gabon,Pensacola
1,Gabon,Macae
1,Gabon,Leogane
1,Gabon,Jeremie
1,Gabon,Isla de Pinas
1,Gabon,Ilha Grande
1,Gabon,Guadeloupe
1,Gabon,French Africa (Goree or Senegal)
1,Gabon,Cuba
1,Gabon,Berbice
1,Gabon,Accra
1,Formosa,Martinique
1,Formosa,Freetown
1,Formosa,Bahia
1,Fernando Po,Montevideo
1,Eva,Cap Francais
1,Epe,Kingston
1,Epe,Jamaica
1,Epe,Cuba
1,Elmina,St. Maarten
1,Elmina,St. Croix
1,Elmina,"Spanish Circum-Caribbean,unspecified"
1,Elmina,"Spanish Caribbean, unspecified"
1,Elmina,Paramaribo
1,Elmina,Montevideo
1,Elmina,Leogane
1,Elmina,Havana
1,Elmina,Cape of Good Hope
1,Elmina,Cadiz
1,Elmina,Basse-Terre
1,Drouin,Barbados
1,Dembia,Saint John (Antigua)
1,Delagoa,Montserrat
1,Delagoa,Freetown
1,Delagoa,Charleston
1,Danish Gold Coast,St. Croix
1,Danish Gold Coast,Saint John (Antigua)
1,Danish Gold Coast,Saint-Domingue
1,Danish Gold Coast,Martinique
1,Cote de Malaguette (runs through to Cape Palmas on Windward Coast),Santiago de Cuba
1,Cote de Malaguette (runs through to Cape Palmas on Windward Coast),Maranhao
1,Costa Leste Occidental,Rio de Janeiro
1,Costa de Africa (mainland coast around S Tome/Principe),San Juan
1,Costa de Africa (mainland coast around S Tome/Principe),Havana
1,Gold Coast,Sao Tome
1,Gold Coast,Santiago de Cuba
1,Gold Coast,Para
1,Gold Coast,Havana
1,Gold Coast,Freetown
1,Gold Coast,Cuba
1,Corisco,Freetown
1,Corisco,Cuba
1,Congo River,Zion Hill
1,Congo River,Vigo
1,Congo River,Tybee Island
1,Congo River,St. Thomas
1,Congo River,St. Kitts
1,Congo River,St. Barthelemy
1,Congo River,"Spanish Circum-Caribbean,unspecified"
1,Congo River,"Spanish Caribbean, unspecified"
1,Congo River,Puerto Rico
1,Congo River,Newcastle (Nevis)
1,Congo River,Nassau
1,Congo River,Martinique
1,Congo River,Mariel
1,Congo River,Maranhao
1,Congo River,"Magari, Manzanillo"
1,Congo River,Macae
1,Congo River,Lisbon
1,Congo River,Jamaica
1,Congo River,Isla de Pinas
1,Congo River,Guanimar
1,Congo River,Guadeloupe
1,Congo River,Georgia
1,Congo River,"French Caribbean, colony unspecified"
1,Congo River,Freetown
1,Congo River,Falmouth (Jam.)
1,Congo River,Dois Rios
1,Congo River,"Cuba, south coast"
1,Congo River,Cienfuegos
1,Congo River,Cayes (Les)
1,Congo River,Cayenne
1,Congo River,Cartagena
1,Congo River,Caracas
1,Congo River,Canasi
1,Congo River,Campeche
1,Congo River,Cabanas
1,Congo River,"British Caribbean, colony unspecified"
1,Congo River,Beaufort
1,Congo River,Basse-Terre
1,Congo River,Banes
1,Congo North,Veracruz
1,Congo North,Trinidad de Cuba
1,Congo North,St. Lucia
1,Congo North,Saint John (Antigua)
1,Congo North,"Rio de Janeiro, Sao Paulo, Santa Catarina"
1,Congo North,New Orleans
1,Congo North,Matanzas
1,Congo North,Martinique
1,Congo North,Leogane
1,Congo North,Jamaica
1,Congo North,Havana
1,Congo North,"French Caribbean, colony unspecified"
1,Congo North,"Dutch Guianas, colony unspecified"
1,Congo North,Cuba
1,Congo North,Cayes (Les)
1,Congo North,Cardenas
1,Congo North,Cap Francais
1,Congo North,Antigua
1,Coanza River,St. Helena
1,Coanza River,Freetown
1,Coanza River,Cuba
1,Coanza River,"Americas, region unspecified"
1,Christiansborg,Princes Island
1,Christiansborg,Portobelo
1,Christiansborg,Cap Francais
1,Chama,Cap Francais
1,Cess,Port-de-Paix
1,Cess,Grenada
1,Casnasonis (location undetermined),Jamaica
1,Casamance,St. Thomas
1,Casamance,Havana
1,Casamance,"Cuba, south coast"
1,Casamance,Barbados
1,Cap Lopez,Suriname
1,Cap Lopez,Saint-Marc
1,Cap Lopez,Saint John (Antigua)
1,Cap Lopez,Kingston
1,Cap Lopez,Jacmel
1,Cap Lopez,Cuba
1,Cap Lopez,Cayenne
1,Cap Lopez,Cartagena
1,Cap Lopez,Campos
1,Cap Lopez,Americas
1,Cape Verde Islands,West Indies (colony unspecified)
1,Cape Verde Islands,Trinidad de Cuba
1,Cape Verde Islands,Seville
1,Cape Verde Islands,Santiago de Cuba
1,Cape Verde Islands,Santa Marta
1,Cape Verde Islands,Saint John (Antigua)
1,Cape Verde Islands,Rio de la Plata
1,Cape Verde Islands,Puerto de Plata
1,Cape Verde Islands,New York
1,Cape Verde Islands,Monte Christi
1,Cape Verde Islands,Matanzas
1,Cape Verde Islands,La Guaira
1,Cape Verde Islands,Kingston
1,Cape Verde Islands,Honduras
1,Cape Verde Islands,French Africa (Goree or Senegal)
1,Cape Verde Islands,Caribbean (colony unspecified)
1,Cape Verde Islands,Caracas
1,Cape Verde Islands,Cape Verde Islands
1,Cape Verde Islands,Buenos Aires
1,Cape Verde Islands,"Americas, region unspecified"
1,Cape of Good Hope,Puerto Rico
1,Cape of Good Hope,Martinique
1,Cape Mount (Cape Grand Mount),Zion Hill
1,Cape Mount (Cape Grand Mount),St. Eustatius
1,Cape Mount (Cape Grand Mount),Roanoke
1,Cape Mount (Cape Grand Mount),Port Maria
1,Cape Mount (Cape Grand Mount),Port-au-Prince
1,Cape Mount (Cape Grand Mount),Montserrat
1,Cape Mount (Cape Grand Mount),Cap Francais
1,Cape Mount (Cape Grand Mount),Cape of Good Hope
1,Cape Mount (Cape Grand Mount),"British Caribbean, colony unspecified"
1,Cape Mount (Cape Grand Mount),Basse-Terre
1,Cape Mole,Demerara
1,Cape Logas (location undetermined),St. Vincent
1,Cape Lahou,Trinidad de Cuba
1,Cape Lahou,St. Kitts
1,Cape Lahou,Saint-Domingue
1,Cape Lahou,Martinique
1,Cape Lahou,Leogane
1,Cape Lahou,Jamaica
1,Cape Lahou,Grenada
1,Cape Lahou,Freetown
1,Cape Lahou,Cul-de-Sac
1,Cape Lahou,Cayenne
1,Cape Lahou,Cap Francais
1,Cape Coast Castle,Tybee Island
1,Cape Coast Castle,Trinidad de Cuba
1,Cape Coast Castle,St. Lucia
1,Cape Coast Castle,St. Barthelemy
1,Cape Coast Castle,Savanna la Mar
1,Cape Coast Castle,Savannah
1,Cape Coast Castle,Santiago de Cuba
1,Cape Coast Castle,Saint-Marc
1,Cape Coast Castle,Port Royal
1,Cape Coast Castle,Portobelo
1,Cape Coast Castle,Port Maria
1,Cape Coast Castle,Philadelphia
1,Cape Coast Castle,Pernambuco
1,Cape Coast Castle,Patuxent
1,Cape Coast Castle,Orinoko
1,Cape Coast Castle,New York
1,Cape Coast Castle,Nevis
1,Cape Coast Castle,Morant Bay
1,Cape Coast Castle,Montserrat
1,Cape Coast Castle,Montevideo
1,Cape Coast Castle,Monte Christi
1,Cape Coast Castle,Leogane
1,Cape Coast Castle,Cape Coast Castle
1,Cape Coast Castle,British Americas
1,Cape Coast Castle,Antonia
1,Cape Coast Castle,Annapolis
1,Cape Coast Castle,"Americas, region unspecified"
1,Cameroons River,St. Lucia
1,Cameroons River,Saint John (Antigua)
1,Cameroons River,Pernambuco
1,Cameroons River,Kingston
1,Cameroons River,Jamaica
1,Cameroons River,Fernando Po
1,Cameroons River,Essequibo
1,Cameroons River,Cuba
1,Cameroons,Pernambuco
1,Cameroons,Nassau
1,Cameroons,Maranhao
1,Cameroons,Demerara
1,Cameroons,Charleston
1,Cameroons,Americas
1,Calabar,Veracruz
1,Calabar,"USA, location unspecified"
1,Calabar,Tortola
1,Calabar,St. Barthelemy
1,Calabar,Spanish Americas
1,Calabar,Sao Tome
1,Calabar,Saint-Domingue
1,Calabar,Port Royal
1,Calabar,Port Maria
1,Calabar,Patuxent
1,Calabar,North Potomac
1,Calabar,Nassau
1,Calabar,Matanzas
1,Calabar,Maranhao
1,Calabar,Guadeloupe
1,Calabar,Falmouth (Jam.)
1,Calabar,"Danish West Indies, colony unspecified"
1,Calabar,Cuba
1,Calabar,Caracas
1,Calabar,Cape Coast Castle
1,Calabar,Buenos Aires
1,Calabar,Africa
1,Cacheu,West Indies (colony unspecified)
1,Cacheu,Veracruz
1,Cacheu,St. Vincent
1,Cacheu,St. Kitts
1,Cacheu,Spanish Americas
1,Cacheu,Saint-Domingue
1,Cacheu,Port-de-Paix
1,Cacheu,Nassau
1,Cacheu,Martinique
1,Cacheu,Freetown
1,Cacheu,Demerara
1,Cacheu,Cap Francais
1,Cacheu,Cadiz
1,Cacheu,Basse-Terre
1,Cacheu,Barbados
1,Cacheu,Americas
1,Cabinda,York River
1,Cabinda,Virginia
1,Cabinda,Trinidad de Cuba
1,Cabinda,St. Vincent
1,Cabinda,St. Croix
1,Cabinda,"Spanish Circum-Caribbean,unspecified"
1,Cabinda,South Potomac
1,Cabinda,Savannah
1,Cabinda,Sao Sebastiao
1,Cabinda,Saint John (Antigua)
1,Cabinda,"Rio de Janeiro, Sao Paulo, Santa Catarina"
1,Cabinda,Puerto Rico
1,Cabinda,Puerto Padre
1,Cabinda,Petit-Goave
1,Cabinda,Newcastle (Nevis)
1,Cabinda,Montevideo
1,Cabinda,Londontowne
1,Cabinda,La Guaira
1,Cabinda,Grenada
1,Cabinda,"French Caribbean, colony unspecified"
1,Cabinda,Dominica
1,Cabinda,Demerara
1,Cabinda,Curacao
1,Cabinda,Cumingsberg
1,Cabinda,Cul-de-Sac
1,Cabinda,Cabanas
1,Cabinda,"British Caribbean, colony unspecified"
1,Cabinda,Brazil
1,Cabinda,Biloxi
1,Cabinda,Berbice
1,Cabinda,Basse-Terre
1,Bundy,Grenada
1,Bonny,"USA, location unspecified"
1,Bonny,"Spanish Caribbean, unspecified"
1,Bonny,Spanish Americas
1,Bonny,South Potomac
1,Bonny,Savanna la Mar
1,Bonny,Saint Ann's Bay
1,Bonny,Puerto Padre
1,Bonny,Port Royal
1,Bonny,Portobelo
1,Bonny,Petit-Goave
1,Bonny,Patuxent
1,Bonny,Nuevitas
1,Bonny,Montserrat
1,Bonny,Lower James River
1,Bonny,Falmouth (Jam.)
1,Bonny,Caracas
1,Bonny,Bonny
1,Bonny,Black River
1,Bonny,Berbice
1,Bonny,Banes
1,Bonny,Antigua
1,Boary,St. Eustatius
1,Boary,Berbice
1,Bissau,Savannah
1,Bissau,Rio Grande do Norte
1,Bissau,Kingston
1,Bissau,Havana
1,Bissau,"French Caribbean, colony unspecified"
1,Bissau,French Africa (Goree or Senegal)
1,Bissau,Cuba
1,Bissau,Cayenne
1,Bissau,Bahamas
1,Bissau,"Americas, region unspecified"
1,Bissau,Americas
1,Bissagos,Falmouth (Jam.)
1,Bissagos,Basse-Terre
1,Bimbia,Martinique
1,Bimbia,Jamaica
1,Bimbia,Cuba
1,Bilbay,Grenada
1,Bights,Rio de Janeiro
1,Bights,Havana
1,Bights,Freetown
1,Bight of Biafra and Gulf of Guinea Islands,West Indies (colony unspecified)
1,Bight of Biafra and Gulf of Guinea Islands,Savanna la Mar
1,Bight of Biafra and Gulf of Guinea Islands,Rappahannock
1,Bight of Biafra and Gulf of Guinea Islands,Puerto Rico
1,Bight of Biafra and Gulf of Guinea Islands,Portobelo
1,Bight of Biafra and Gulf of Guinea Islands,New Orleans
1,Bight of Biafra and Gulf of Guinea Islands,Nassau
1,Bight of Biafra and Gulf of Guinea Islands,Montserrat
1,Bight of Biafra and Gulf of Guinea Islands,Montevideo
1,Bight of Biafra and Gulf of Guinea Islands,Lucea (a) St. Lucea
1,Bight of Biafra and Gulf of Guinea Islands,Jeremie
1,Bight of Biafra and Gulf of Guinea Islands,"French Caribbean, colony unspecified"
1,Bight of Biafra and Gulf of Guinea Islands,Curacao
1,Bight of Biafra and Gulf of Guinea Islands,Cuba
1,Bight of Biafra and Gulf of Guinea Islands,Canary Islands
1,Bight of Biafra and Gulf of Guinea Islands,Cadiz
1,Bight of Biafra and Gulf of Guinea Islands,Annapolis
1,Bight of Benin,Zion Hill
1,Bight of Benin,West Indies (colony unspecified)
1,Bight of Benin,Trinidad
1,Bight of Benin,St. Kitts
1,Bight of Benin,St. Helena
1,Bight of Benin,St. Eustatius
1,Bight of Benin,St. Croix
1,Bight of Benin,Sao Sebastiao
1,Bight of Benin,San Juan de los Remedios
1,Bight of Benin,Saint John (Antigua)
1,Bight of Benin,Rio de Janeiro province
1,Bight of Benin,Puerto Rico
1,Bight of Benin,Port Maria
1,Bight of Benin,Nuevitas
1,Bight of Benin,Macae
1,Bight of Benin,"French Caribbean, colony unspecified"
1,Bight of Benin,Essequibo
1,Bight of Benin,Caibarien
1,Bight of Benin,Cabanas
1,Bight of Benin,Berbice
1,Benin,West Indies (colony unspecified)
1,Benin,Virginia
1,Benin,Upper James River
1,Benin,Savanna la Mar
1,Benin,Port-au-Prince
1,Benin,La Guaira
1,Benin,Dominica
1,Benin,Cayes (Les)
1,Benin,Benin
1,Benin,Americas
1,Benguela,Trinidad de Cuba
1,Benguela,Taipu
1,Benguela,Santa Catarina
1,Benguela,Rio Grande do Sul Province
1,Benguela,Port-au-Prince
1,Benguela,Parati
1,Benguela,Mariel
1,Benguela,Marica
1,Benguela,La Guaira
1,Benguela,Freetown
1,Benguela,"Cuba, south coast"
1,Benguela,Cuba
1,Benguela,Catuamo and Maria Farinha
1,Benguela,Cardenas
1,Benguela,Cabo de Buzios
1,Benguela,"British Caribbean, colony unspecified"
1,Benguela,Basse-Terre
1,Benguela,Baia de Botafogo
1,Benguela,???
1,Bassa,York River
1,Bassa,Upper James River
1,Bassa,Tortola
1,Bassa,Savannah
1,Bassa,Cayes (Les)
1,Bassa,Black River
1,Bance Island (Ben's Island),Virginia
1,Bance Island (Ben's Island),Upper James River
1,Bance Island (Ben's Island),Trinidad
1,Bance Island (Ben's Island),St. Vincent
1,Bance Island (Ben's Island),St. Croix
1,Bance Island (Ben's Island),St. Augustine
1,Bance Island (Ben's Island),Saint-Domingue
1,Bance Island (Ben's Island),Port Maria
1,Bance Island (Ben's Island),Martinique
1,Bance Island (Ben's Island),Lisbon
1,Bance Island (Ben's Island),Havana
1,Bance Island (Ben's Island),"French Caribbean, colony unspecified"
1,Bance Island (Ben's Island),Cayes (Les)
1,Bance Island (Ben's Island),Cap Francais
1,Bance Island (Ben's Island),Berbice
1,Bance Island (Ben's Island),Antonia
1,Bance Island (Ben's Island),Annapolis
1,Banana Islands,Suriname
1,Banana Islands,St. Eustatius
1,Banana Islands,Spanish Town
1,Banana Islands,South Carolina
1,Banana Islands,Rappahannock
1,Banana Islands,Montserrat
1,Banana Islands,Jamaica
1,Badagry/Apa,St. Vincent
1,Badagry/Apa,Saint-Domingue
1,Badagry/Apa,Port-de-Paix
1,Badagry/Apa,Havana
1,Badagry/Apa,Cayenne
1,Axim,Guiana
1,Asia e Africa,Pernambuco
1,Arguim,"Danish West Indies, colony unspecified"
1,Ardra,Virginia
1,Ardra,Veracruz
1,Ardra,Tobago
1,Ardra,Tenerife
1,Ardra,"Spanish Caribbean, unspecified"
1,Ardra,Spanish Americas
1,Ardra,Sao Tome
1,Ardra,Rio de la Hacha
1,Ardra,Rio de Janeiro
1,Ardra,New Spain
1,Ardra,Leogane
1,Ardra,La Guaira
1,Ardra,"French Caribbean, colony unspecified"
1,Ardra,Cumana
1,Ardra,"British Caribbean, colony unspecified"
1,Ardra,Basse-Terre
1,Ardra,Bahia
1,Ardra,???
1,Apammin,Savannah
1,Apammin,Cayes (Les)
1,Apammin,Americas
1,Anomabu,Zion Hill
1,Anomabu,West Indies (colony unspecified)
1,Anomabu,"USA, location unspecified"
1,Anomabu,Trinidad
1,Anomabu,St. Thomas
1,Anomabu,St. Augustine
1,Anomabu,"Spanish Caribbean, unspecified"
1,Anomabu,Savanna la Mar
1,Anomabu,Port Royal
1,Anomabu,Port-au-Prince
1,Anomabu,Petit-Goave
1,Anomabu,Pernambuco
1,Anomabu,North Potomac
1,Anomabu,Maryland
1,Anomabu,Lucea (a) St. Lucea
1,Anomabu,Falmouth (Jam.)
1,Anomabu,Cul-de-Sac
1,Anomabu,Canary Islands
1,Anomabu,Buenos Aires
1,Anomabu,Black River
1,Anomabu,Berbice
1,Anomabu,Bahamas
1,Andony,Saint John (Antigua)
1,Andony,Barbados
1,Amokou,Tortola
1,Ambriz,"USA, location unspecified"
1,Ambriz,Trinidad de Cuba
1,Ambriz,Tortola
1,Ambriz,Santos
1,Ambriz,Saint John (Antigua)
1,Ambriz,"Rio de Janeiro, Sao Paulo, Santa Catarina"
1,Ambriz,Rappahannock
1,Ambriz,Ponta Negro
1,Ambriz,Montevideo
1,Ambriz,Marica
1,Ambriz,Maranhao
1,Ambriz,Leogane
1,Ambriz,Ilha Grande
1,Ambriz,"Hispaniola, unspecified"
1,Ambriz,Guanimar
1,Ambriz,"French Caribbean, colony unspecified"
1,Ambriz,Demerara
1,Ambriz,"Cuba, south coast"
1,Ambriz,Cardenas
1,Ambriz,Cabo Frio
1,Ambriz,Berbice
1,Ambriz,Basse-Terre
1,Ambriz,Bahamas
1,Ambona,St. Thomas
1,Ambona,Demerara
1,Ambona,Berbice
1,Alecuba,Kingston
1,Albreda,"Spanish Circum-Caribbean,unspecified"
1,Albreda,Saint-Marc
1,Albreda,Port-au-Prince
1,Albreda,Cap Francais
1,Alampo,Saint John (Antigua)
1,Alampo,Newcastle (Nevis)
1,Alampo,Montserrat
1,Alampo,Barbados
1,Aghway,Banes
1,Africa,Tortuga
1,Africa,Southeast Brazil
1,Africa,Senegambia and offshore Atlantic
1,Africa,Saint-Pierre
1,Africa,Saint Ann's Bay
1,Africa,Potomac river
1,Africa,Porto Seguro
1,Africa,Porto de Galinhas
1,Africa,Port Maria
1,Africa,Paranagua
1,Africa,Paramaribo
1,Africa,Paraiba
1,Africa,Nuevitas
1,Africa,Newport
1,Africa,Nevis
1,Africa,Mosquito Shore
1,Africa,Mississippi
1,Africa,Middelburg
1,Africa,Mangaratiba
1,Africa,"Magari, Manzanillo"
1,Africa,Le Havre
1,Africa,Jacmel
1,Africa,Ilha de Itamaric
1,Africa,Guatemala
1,Africa,Goree
1,Africa,French Africa (Goree or Senegal)
1,Africa,Fort-Royale
1,Africa,Cienfuegos
1,Africa,Catuamo and Maria Farinha
1,Africa,British Honduras
1,Africa,British Americas
1,Africa,Bristol
1,Africa,Borburata
1,Africa,Bacuranao
1,Africa,Arcahaie
1,Africa,Antonia
1,Africa,Amelia Island
1,Africa,Alagoas province
1,Accra,Zion Hill
1,Accra,Saint-Marc
1,Accra,Port-au-Prince
1,Accra,Pernambuco
1,Accra,Newcastle (Nevis)
1,Accra,Montego Bay
1,Accra,Essequibo
1,Accra,Buenos Aires
1,Accra,Americas
